date,home,away,committing_team,disadvantaged_team,review_decision
20150301,HOU,CLE,CLE,HOU,INC
20150301,HOU,CLE,HOU,CLE,INC
20150301,HOU,CLE,CLE,HOU,INC
20150301,BOS,GSW,BOS,GSW,INC
20150301,BOS,GSW,BOS,GSW,INC
20150301,DEN,NOP,NOP,DEN,INC
20150302,MIN,LAC,LAC,MIN,INC
20150302,MIN,LAC,MIN,LAC,INC
20150302,MIN,LAC,LAC,MIN,IC
20150302,MIN,LAC,LAC,MIN,INC
20150303,CHA,LAL,LAL,CHA,INC
20150303,CHI,WAS,WAS,CHI,INC
20150303,CHI,WAS,CHI,WAS,IC
20150303,CHI,WAS,WAS,CHI,INC
20150303,CHI,WAS,WAS,CHI,INC
20150304,MIA,LAL,LAL,MIA,IC
20150304,HOU,MEM,MEM,HOU,INC
20150304,HOU,MEM,MEM,HOU,INC
20150304,HOU,MEM,MEM,HOU,INC
20150304,OKC,PHI,OKC,PHI,INC
20150304,LAC,POR,LAC,POR,INC
20150304,LAC,POR,LAC,POR,INC
20150304,LAC,POR,LAC,POR,INC
20150304,LAC,POR,POR,LAC,INC
20150304,LAC,POR,LAC,POR,INC
20150305,CHI,OKC,OKC,CHI,INC
20150306,MEM,LAL,LAL,MEM,INC
20150306,MEM,LAL,MEM,LAL,IC
20150306,WAS,MIA,,,IC
20150306,BKN,PHO,PHO,BKN,INC
20150306,BKN,PHO,PHO,BKN,INC
20150306,BKN,PHO,PHO,BKN,INC
20150306,BKN,PHO,BKN,PHO,INC
20150306,BKN,PHO,BKN,PHO,INC
20150306,ORL,SAC,ORL,SAC,INC
20150307,NYK,IND,IND,NYK,INC
20150307,NOP,MEM,MEM,NOP,INC
20150307,NOP,MEM,NOP,MEM,INC
20150307,MIA,SAC,MIA,SAC,IC
20150307,MIL,WAS,WAS,MIL,IC
20150309,MIL,NOP,MIL,NOP,INC
20150310,LAL,DET,DET,LAL,INC
20150311,PHI,CHI,CHI,PHI,INC
20150311,PHI,CHI,PHI,CHI,INC
20150311,PHI,CHI,PHI,CHI,INC
20150311,PHI,CHI,CHI,PHI,IC
20150311,BOS,MEM,MEM,BOS,INC
20150311,BOS,MEM,MEM,BOS,INC
20150312,SAS,CLE,SAS,CLE,INC
20150312,SAS,CLE,SAS,CLE,INC
20150312,IND,MIL,MIL,IND,INC
20150312,IND,MIL,MIL,IND,INC
20150312,IND,MIL,MIL,IND,IC
20150313,BOS,ORL,ORL,BOS,INC
20150313,BOS,ORL,ORL,BOS,INC
20150314,UTA,DET,DET,UTA,INC
20150315,OKC,CHI,OKC,CHI,INC
20150315,NOP,DEN,NOP,DEN,INC
20150315,NOP,DEN,NOP,DEN,INC
20150315,NOP,DEN,DEN,NOP,INC
20150315,NOP,DEN,DEN,NOP,INC
20150315,NOP,DEN,NOP,DEN,INC
20150315,NOP,DEN,DEN,NOP,INC
20150315,NOP,DEN,DEN,NOP,INC
20150315,NOP,DEN,NOP,DEN,INC
20150315,NOP,DEN,NOP,DEN,INC
20150315,NOP,DEN,NOP,DEN,INC
20150315,LAC,HOU,LAC,HOU,INC
20150316,SAC,ATL,SAC,ATL,INC
20150316,GSW,LAL,GSW,LAL,INC
20150316,GSW,LAL,GSW,LAL,IC
20150317,NOP,MIL,MIL,NOP,INC
20150317,NOP,MIL,MIL,NOP,INC
20150317,NYK,SAS,SAS,NYK,INC
20150317,NYK,SAS,SAS,NYK,INC
20150317,NYK,SAS,NYK,SAS,INC
20150317,NYK,SAS,NYK,SAS,INC
20150317,NYK,SAS,SAS,NYK,INC
20150317,NYK,SAS,SAS,NYK,INC
20150317,NYK,SAS,NYK,SAS,INC
20150318,DAL,ORL,DAL,ORL,INC
20150318,DAL,ORL,ORL,DAL,INC
20150319,NYK,MIN,MIN,NYK,INC
20150319,NYK,MIN,MIN,NYK,INC
20150319,NYK,MIN,MIN,NYK,INC
20150319,NYK,MIN,NYK,MIN,INC
20150319,NYK,MIN,MIN,NYK,INC
20150319,NYK,MIN,NYK,MIN,IC
20150319,PHO,NOP,NOP,PHO,INC
20150319,PHO,NOP,NOP,PHO,INC
20150319,PHO,NOP,PHO,NOP,INC
20150320,CLE,IND,IND,CLE,INC
20150320,BKN,MIL,BKN,MIL,INC
20150320,BKN,MIL,BKN,MIL,INC
20150320,BKN,MIL,BKN,MIL,INC
20150320,BKN,MIL,MIL,BKN,INC
20150320,BKN,MIL,BKN,MIL,INC
20150322,PHO,DAL,DAL,PHO,INC
20150322,PHO,DAL,PHO,DAL,INC
20150322,PHO,DAL,DAL,PHO,INC
20150322,PHO,DAL,DAL,PHO,INC
20150322,PHO,DAL,PHO,DAL,IC
20150322,PHO,DAL,PHO,DAL,INC
20150322,PHO,DAL,DAL,PHO,INC
20150322,PHO,DAL,PHO,DAL,INC
20150322,BOS,DET,BOS,DET,INC
20150322,BOS,DET,DET,BOS,INC
20150322,BOS,DET,DET,BOS,INC
20150322,BOS,DET,BOS,DET,INC
20150322,BOS,DET,BOS,DET,INC
20150323,UTA,MIN,MIN,UTA,INC
20150323,UTA,MIN,UTA,MIN,INC
20150323,UTA,MIN,MIN,UTA,INC
20150324,MIL,MIA,MIA,MIL,INC
20150324,SAC,PHI,SAC,PHI,INC
20150324,SAC,PHI,PHI,SAC,INC
20150324,DET,TOR,TOR,DET,INC
20150325,CHA,BKN,BKN,CHA,INC
20150325,WAS,IND,WAS,IND,INC
20150325,MIN,LAL,MIN,LAL,INC
20150325,MIN,LAL,MIN,LAL,INC
20150325,MIN,LAL,LAL,MIN,IC
20150325,MIN,LAL,MIN,LAL,INC
20150325,MIN,LAL,LAL,MIN,INC
20150325,MIN,LAL,LAL,MIN,INC
20150325,DEN,PHI,DEN,PHI,INC
20150325,DEN,PHI,DEN,PHI,INC
20150325,UTA,POR,UTA,POR,INC
20150325,UTA,POR,UTA,POR,INC
20150326,MIL,IND,IND,MIL,INC
20150327,WAS,CHA,WAS,CHA,INC
20150327,WAS,CHA,WAS,CHA,INC
20150327,WAS,CHA,CHA,WAS,INC
20150327,WAS,CHA,CHA,WAS,INC
20150327,WAS,CHA,CHA,WAS,INC
20150327,PHO,POR,PHO,POR,INC
20150329,IND,DAL,DAL,IND,INC
20150329,IND,DAL,DAL,IND,INC
20150329,IND,DAL,IND,DAL,INC
20150329,BKN,LAL,BKN,LAL,INC
20150329,BKN,LAL,BKN,LAL,INC
20150329,CLE,PHI,CLE,PHI,INC
20150330,TOR,HOU,TOR,HOU,INC
20150330,PHI,LAL,PHI,LAL,INC
20150330,PHI,LAL,LAL,PHI,INC
20150331,BKN,IND,IND,BKN,INC
20150331,BKN,IND,IND,BKN,INC
20150401,MIL,CHI,MIL,CHI,INC
20150401,MIL,CHI,CHI,MIL,INC
20150401,OKC,DAL,OKC,DAL,IC
20150401,OKC,DAL,OKC,DAL,INC
20150401,HOU,SAC,SAC,HOU,INC
20150401,HOU,SAC,HOU,SAC,INC
20150402,GSW,PHO,GSW,PHO,INC
20150402,GSW,PHO,GSW,PHO,INC
20150403,SAC,NOP,NOP,SAC,INC
20150403,SAC,NOP,NOP,SAC,INC
20150403,MEM,OKC,OKC,MEM,INC
20150403,MEM,OKC,OKC,MEM,INC
20150404,TOR,BOS,TOR,BOS,INC
20150404,TOR,BOS,BOS,TOR,INC
20150404,TOR,BOS,BOS,TOR,INC
20150404,MIL,ORL,,,INC
20150404,CHA,PHI,CHA,PHI,INC
20150404,PHO,UTA,PHO,UTA,INC
20150404,PHO,UTA,PHO,UTA,INC
20150405,CLE,CHI,CHI,CLE,INC
20150405,CLE,CHI,CLE,CHI,INC
20150405,OKC,HOU,OKC,HOU,INC
20150405,OKC,HOU,OKC,HOU,INC
20150405,OKC,HOU,HOU,OKC,INC
20150407,NOP,GSW,NOP,GSW,INC
20150407,NOP,GSW,NOP,GSW,INC
20150407,NOP,GSW,GSW,NOP,INC
20150408,ORL,CHI,ORL,CHI,INC
20150408,DAL,PHO,DAL,PHO,IC
20150410,DEN,DAL,DAL,DEN,INC
20150410,DEN,DAL,DAL,DEN,IC
20150410,DEN,DAL,DEN,DAL,INC
20150410,UTA,MEM,MEM,UTA,IC
20150410,HOU,SAS,HOU,SAS,INC
20150410,ORL,TOR,TOR,ORL,INC
20150411,ORL,NYK,NYK,ORL,INC
20150411,ORL,NYK,ORL,NYK,INC
20150411,ORL,NYK,ORL,NYK,INC
20150411,CHI,PHI,CHI,PHI,INC
20150411,MIA,TOR,MIA,TOR,IC
20150411,POR,UTA,POR,UTA,INC
20150412,IND,OKC,IND,OKC,INC
20150412,IND,OKC,IND,OKC,IC
20150413,LAC,DEN,DEN,LAC,INC
20150413,LAC,DEN,LAC,DEN,INC
20150413,LAC,DEN,DEN,LAC,INC
20150414,IND,WAS,IND,WAS,INC
20150414,IND,WAS,IND,WAS,INC
20150414,IND,WAS,WAS,IND,INC
20150414,IND,WAS,WAS,IND,INC
20150414,IND,WAS,IND,WAS,INC
20150414,IND,WAS,IND,WAS,INC
20150415,GSW,DEN,DEN,GSW,IC
20150415,PHI,MIA,PHI,MIA,INC
20150415,CLE,WAS,CLE,WAS,INC
20150415,CLE,WAS,WAS,CLE,INC
20150415,CLE,WAS,CLE,WAS,INC
20150415,CLE,WAS,,,IC
20150418,TOR,WAS,TOR,WAS,INC
20150418,TOR,WAS,TOR,WAS,INC
20150418,TOR,WAS,TOR,WAS,INC
20150418,TOR,WAS,,,INC
20150418,TOR,WAS,WAS,TOR,INC
20150418,TOR,WAS,TOR,WAS,INC
20150422,ATL,BKN,BKN,ATL,IC
20150422,ATL,BKN,BKN,ATL,INC
20150422,LAC,SAS,LAC,SAS,INC
20150423,MIL,CHI,MIL,CHI,INC
20150423,MIL,CHI,MIL,CHI,INC
20150423,MIL,CHI,MIL,CHI,INC
20150423,MIL,CHI,MIL,CHI,IC
20150423,MIL,CHI,MIL,CHI,INC
20150423,NOP,GSW,GSW,NOP,INC
20150423,NOP,GSW,GSW,NOP,INC
20150423,NOP,GSW,NOP,GSW,INC
20150423,NOP,GSW,GSW,NOP,INC
20150423,NOP,GSW,GSW,NOP,IC
20150424,WAS,TOR,TOR,WAS,INC
20150425,MIL,CHI,CHI,MIL,INC
20150425,POR,MEM,POR,MEM,INC
20150425,POR,MEM,POR,MEM,INC
20150427,BKN,ATL,,,INC
20150427,BKN,ATL,BKN,ATL,INC
20150427,BKN,ATL,ATL,BKN,INC
20150427,BKN,ATL,BKN,ATL,INC
20150427,POR,MEM,MEM,POR,IC
20150427,POR,MEM,MEM,POR,INC
20150427,POR,MEM,MEM,POR,IC
20150428,LAC,SAS,SAS,LAC,INC
20150428,LAC,SAS,LAC,SAS,INC
20150428,LAC,SAS,LAC,SAS,INC
20150429,ATL,BKN,BKN,ATL,INC
20150503,ATL,WAS,WAS,ATL,INC
20150508,CHI,CLE,CLE,CHI,INC
20150508,CHI,CLE,CHI,CLE,INC
20150508,CHI,CLE,CHI,CLE,INC
20150509,WAS,ATL,ATL,WAS,INC
20150510,CHI,CLE,CHI,CLE,INC
20150511,WAS,ATL,WAS,ATL,INC
20150512,CLE,CHI,CHI,CLE,INC
20150512,CLE,CHI,CHI,CLE,INC
20150513,ATL,WAS,WAS,ATL,INC
20150513,ATL,WAS,WAS,ATL,INC
20150607,GSW,CLE,GSW,CLE,INC
20150607,GSW,CLE,CLE,GSW,INC
20150607,GSW,CLE,GSW,CLE,INC
20150607,GSW,CLE,GSW,CLE,INC
20150609,CLE,GSW,GSW,CLE,INC
20150609,CLE,GSW,CLE,GSW,INC
20151028,TOR,IND,TOR,IND,INC
20151028,TOR,IND,TOR,IND,IC
20151028,TOR,IND,TOR,IND,IC
20151028,OKC,SAS,SAS,OKC,INC
20151030,ATL,CHA,ATL,CHA,INC
20151030,ATL,CHA,CHA,ATL,IC
20151030,DET,CHI,DET,CHI,IC
20151030,ORL,OKC,OKC,ORL,INC
20151030,ORL,OKC,OKC,ORL,IC
20151031,WAS,NYK,NYK,WAS,INC
20151031,WAS,NYK,WAS,NYK,INC
20151101,CHA,ATL,CHA,ATL,INC
20151101,CHA,ATL,ATL,CHA,INC
20151102,BKN,MIL,BKN,MIL,IC
20151102,LAC,PHO,PHO,LAC,INC
20151102,MIN,POR,POR,MIN,INC
20151102,MIN,POR,POR,MIN,INC
20151103,NOP,ORL,ORL,NOP,IC
20151103,DAL,TOR,TOR,DAL,INC
20151103,DAL,TOR,TOR,DAL,INC
20151104,GSW,LAC,GSW,LAC,INC
20151104,HOU,ORL,ORL,HOU,INC
20151104,MIL,PHI,MIL,PHI,INC
20151104,OKC,TOR,OKC,TOR,INC
20151104,OKC,TOR,,,INC
20151105,CHI,OKC,OKC,CHI,INC
20151105,CHI,OKC,CHI,OKC,INC
20151106,ORL,TOR,ORL,TOR,INC
20151106,ORL,TOR,ORL,TOR,INC
20151106,ORL,TOR,TOR,ORL,INC
20151106,ORL,TOR,TOR,ORL,INC
20151107,LAC,HOU,HOU,LAC,INC
20151107,CHI,MIN,CHI,MIN,IC
20151108,CLE,IND,CLE,IND,INC
20151108,NYK,LAL,NYK,LAL,INC
20151108,NYK,LAL,LAL,NYK,INC
20151108,NYK,LAL,LAL,NYK,INC
20151109,ATL,MIN,ATL,MIN,INC
20151109,ATL,MIN,ATL,MIN,INC
20151109,ATL,MIN,ATL,MIN,INC
20151109,DEN,POR,POR,DEN,IC
20151110,TOR,NYK,NYK,TOR,INC
20151110,TOR,NYK,NYK,TOR,INC
20151111,DAL,LAC,LAC,DAL,INC
20151111,DEN,MIL,DEN,MIL,INC
20151111,DEN,MIL,MIL,DEN,IC
20151111,CHA,NYK,NYK,CHA,INC
20151111,CHA,NYK,NYK,CHA,INC
20151113,NYK,CLE,NYK,CLE,INC
20151113,NYK,CLE,NYK,CLE,INC
20151113,DAL,LAL,,,IC
20151113,DAL,LAL,LAL,DAL,IC
20151114,GSW,BKN,BKN,GSW,INC
20151114,GSW,BKN,GSW,BKN,INC
20151114,MIL,CLE,MIL,CLE,INC
20151114,MIL,CLE,MIL,CLE,IC
20151114,MIL,CLE,CLE,MIL,IC
20151114,MIL,CLE,CLE,MIL,IC
20151114,WAS,ORL,WAS,ORL,IC
20151114,WAS,ORL,WAS,ORL,INC
20151115,SAC,TOR,TOR,SAC,IC
20151116,PHI,DAL,DAL,PHI,INC
20151116,CHI,IND,CHI,IND,INC
20151116,MEM,OKC,OKC,MEM,INC
20151116,MEM,OKC,OKC,MEM,INC
20151117,BKN,ATL,ATL,BKN,INC
20151117,NYK,CHA,CHA,NYK,INC
20151117,GSW,TOR,TOR,GSW,INC
20151118,CHA,BKN,CHA,BKN,INC
20151118,CHA,BKN,BKN,CHA,INC
20151118,BOS,DAL,BOS,DAL,INC
20151118,ORL,MIN,MIN,ORL,INC
20151118,HOU,POR,HOU,POR,INC
20151118,HOU,POR,HOU,POR,INC
20151118,UTA,TOR,UTA,TOR,IC
20151119,LAC,GSW,GSW,LAC,INC
20151119,LAC,GSW,LAC,GSW,INC
20151121,DET,WAS,,,IC
20151122,OKC,DAL,OKC,DAL,INC
20151123,MIN,PHI,PHI,MIN,IC
20151123,MIN,PHI,MIN,PHI,INC
20151124,POR,CHI,POR,CHI,INC
20151124,POR,CHI,POR,CHI,INC
20151128,CLE,BKN,BKN,CLE,IC
20151128,CLE,BKN,BKN,CLE,INC
20151128,CLE,BKN,CLE,BKN,INC
20151129,BKN,DET,DET,BKN,INC
20151129,NYK,HOU,NYK,HOU,INC
20151129,NYK,HOU,HOU,NYK,INC
20151129,NYK,HOU,HOU,NYK,INC
20151129,NYK,HOU,HOU,NYK,INC
20151129,NYK,HOU,HOU,NYK,INC
20151129,NYK,HOU,HOU,NYK,INC
20151129,TOR,PHO,TOR,PHO,IC
20151130,MIA,BOS,BOS,MIA,INC
20151130,MIA,BOS,BOS,MIA,IC
20151130,ATL,OKC,ATL,OKC,INC
20151130,ATL,OKC,OKC,ATL,INC
20151130,CHI,SAS,CHI,SAS,INC
20151130,CHI,SAS,CHI,SAS,INC
20151130,CHI,SAS,CHI,SAS,INC
20151130,CHI,SAS,SAS,CHI,IC
20151201,POR,DAL,DAL,POR,INC
20151201,MIN,ORL,MIN,ORL,INC
20151201,BKN,PHO,BKN,PHO,INC
20151202,WAS,LAL,WAS,LAL,IC
20151202,DET,PHO,DET,PHO,IC
20151202,DET,PHO,DET,PHO,INC
20151202,DET,PHO,DET,PHO,INC
20151203,MIA,OKC,MIA,OKC,INC
20151203,MIA,OKC,OKC,MIA,INC
20151203,MIA,OKC,OKC,MIA,IC
20151204,NOP,CLE,CLE,NOP,INC
20151204,DAL,HOU,DAL,HOU,INC
20151205,SAS,BOS,SAS,BOS,INC
20151205,SAS,BOS,SAS,BOS,IC
20151205,SAS,BOS,SAS,BOS,INC
20151205,SAS,BOS,SAS,BOS,IC
20151205,UTA,IND,IND,UTA,INC
20151205,UTA,IND,IND,UTA,IC
20151205,UTA,IND,IND,UTA,INC
20151206,MEM,PHO,PHO,MEM,INC
20151206,MEM,PHO,PHO,MEM,INC
20151207,MIN,LAC,MIN,LAC,INC
20151207,MIL,POR,MIL,POR,INC
20151207,MIL,POR,MIL,POR,INC
20151207,MIA,WAS,WAS,MIA,INC
20151208,BKN,HOU,BKN,HOU,INC
20151208,BKN,HOU,HOU,BKN,INC
20151208,BKN,HOU,HOU,BKN,INC
20151208,BKN,HOU,BKN,HOU,INC
20151209,DAL,ATL,ATL,DAL,INC
20151209,DAL,ATL,DAL,ARL,INC
20151209,WAS,HOU,WAS,HOU,INC
20151209,MIN,LAL,LAL,MIN,INC
20151209,DET,MEM,MEM,DET,INC
20151209,PHO,ORL,,,INC
20151209,PHO,ORL,ORL,PHO,INC
20151209,PHO,ORL,ORL,PHO,INC
20151210,SAC,NYK,SAC,NYK,INC
20151211,DEN,MIN,DEN,MIN,INC
20151211,DEN,MIN,DEN,MIN,INC
20151211,DEN,MIN,MIN,DEN,INC
20151211,DEN,MIN,MIN,DEN,INC
20151211,UTA,OKC,OKC,UTA,INC
20151211,NOP,WAS,NOP,WAS,INC
20151211,NOP,WAS,WAS,NOP,INC
20151212,CHA,BOS,BOS,CHA,INC
20151212,CHA,BOS,CHA,BOS,INC
20151212,BKN,LAC,BKN,LAC,INC
20151212,CHI,NOP,NOP,CHI,INC
20151212,CHI,NOP,CHI,NOP,INC
20151212,CHI,NOP,NOP,CHI,INC
20151213,OKC,UTA,UTA,OKC,INC
20151213,OKC,UTA,UTA,OKC,INC
20151213,OKC,UTA,OKC,UTA,INC
20151214,DET,LAC,LAC,DET,IC
20151214,DET,LAC,DET,LAC,INC
20151214,DET,LAC,DET,LAC,INC
20151214,DET,LAC,DET,LAC,INC
20151216,DET,BOS,DET,BOS,INC
20151216,DET,BOS,DET,BOS,IC
20151216,DET,BOS,BOS,DET,INC
20151217,CHA,TOR,TOR,CHA,INC
20151217,CHA,TOR,TOR,CHA,INC
20151217,CHA,TOR,TOR,CHA,INC
20151217,CHA,TOR,TOR,CHA,INC
20151218,UTA,DEN,UTA,DEN,INC
20151218,CHI,DET,DET,CHI,IC
20151218,CHI,DET,DET,CHI,INC
20151218,CHI,DET,DET,CHI,INC
20151218,CHI,DET,DET,CHI,INC
20151218,CHI,DET,DET,CHI,INC
20151218,CHI,DET,DET,CHI,INC
20151218,CHI,DET,CHI,DET,INC
20151218,GSW,MIL,MIL,GSW,IC
20151218,GSW,MIL,GSW,MIL,INC
20151218,MIN,SAC,MIN,SAC,INC
20151218,MIN,SAC,SAC,MIN,INC
20151219,WAS,CHA,CHA,WAS,IC
20151220,ORL,ATL,ORL,ATL,INC
20151221,HOU,CHA,HOU,CHA,IC
20151221,LAC,OKC,OKC,LAC,INC
20151221,LAC,OKC,OKC,LAC,INC
20151221,LAC,OKC,OKC,LAC,INC
20151222,MIA,DET,DET,MIA,IC
20151222,MIA,DET,MIA,DET,INC
20151222,DEN,LAL,DEN,LAL,INC
20151223,BKN,DAL,BKN,DAL,INC
20151223,ORL,HOU,HOU,ORL,INC
20151223,ORL,HOU,HOU,ORL,INC
20151223,IND,SAC,SAC,IND,INC
20151223,IND,SAC,SAC,IND,INC
20151225,GSW,CLE,GSW,CLE,IC
20151225,HOU,SAS,SAS,HOU,INC
20151226,NOP,HOU,HOU,NOP,INC
20151226,NOP,HOU,NOP,HOU,INC
20151226,UTA,LAC,UTA,LAC,INC
20151226,CHA,MEM,CHA,MEM,INC
20151226,ORL,MIA,ORL,MIA,IC
20151229,HOU,ATL,ATL,HOU,INC
20151230,ORL,BKN,ORL,BKN,INC
20151230,ORL,BKN,ORL,BKN,INC
20151230,CHI,IND,CHI,IND,INC
20151230,BOS,LAL,BOS,LAL,INC
20151230,BOS,LAL,LAL,BOS,INC
20151230,BOS,LAL,LAL,BOS,IC
20151230,SAC,PHI,PHI,SAC,IC
20160102,GSW,DEN,GSW,DEN,IC
20160102,GSW,DEN,DEN,GSW,INC
20160102,UTA,MEM,MEM,UTA,IC
20160102,UTA,MEM,UTA,MEM,INC
20160102,DAL,NOP,DAL,NOP,INC
20160102,DAL,NOP,NOP,DAL,INC
20160102,DAL,NOP,DAL,NOP,IC
20160102,DAL,NOP,NOP,DAL,IC
20160103,TOR,CHI,TOR,CHI,INC
20160104,UTA,HOU,UTA,HOU,INC
20160104,UTA,HOU,HOU,UTA,INC
20160104,UTA,HOU,HOU,UTA,INC
20160104,MIA,IND,MIA,IND,INC
20160104,MIA,IND,MIA,IND,INC
20160105,ATL,NYK,ATL,NYK,INC
20160105,ATL,NYK,NYK,ATL,INC
20160105,DAL,SAC,SAC,DAL,INC
20160105,DAL,SAC,DAL,SAC,INC
20160105,DAL,SAC,DAL,SAC,INC
20160105,DAL,SAC,DAL,SAC,IC
20160105,DAL,SAC,SAC,DAL,INC
20160105,DAL,SAC,DAL,SAC,INC
20160106,PHO,CHA,CHA,PHO,INC
20160106,PHO,CHA,CHA,PHO,INC
20160106,PHO,CHA,CHA,PHO,INC
20160106,PHO,CHA,PHO,CHA,INC
20160108,NOP,IND,NOP,IND,INC
20160108,PHO,MIA,MIA,PHO,INC
20160108,LAL,OKC,LAL,OKC,INC
20160108,LAL,OKC,LAL,OKC,IC
20160110,MEM,BOS,BOS,MEM,INC
20160110,HOU,IND,IND,HOU,INC
20160110,HOU,IND,HOU,IND,INC
20160110,HOU,IND,IND,HOU,IC
20160110,LAC,NOP,LAC,NOP,INC
20160112,DAL,CLE,DAL,CLE,IC
20160112,DAL,CLE,DAL,CLE,INC
20160112,DAL,CLE,DAL,CLE,INC
20160112,DAL,CLE,DAL,CLE,INC
20160112,DAL,CLE,CLE,DAL,INC
20160112,DAL,CLE,DAL,CLE,INC
20160112,LAL,NOP,LAL,NOP,INC
20160112,LAL,NOP,NOP,LAL,INC
20160113,DEN,GSW,,,IC
20160113,BOS,IND,IND,BOS,INC
20160113,BOS,IND,IND,BOS,INC
20160113,HOU,MIN,MIN,HOU,INC
20160113,BKN,NYK,BKN,NYK,INC
20160114,PHI,CHI,CHI,PHI,IC
20160114,PHI,CHI,PHI,CHI,INC
20160114,PHI,CHI,CHI,PHI,INC
20160114,MEM,DET,MEM,DET,INC
20160114,MEM,DET,MEM,DET,INC
20160114,UTA,SAC,SAC,UTA,INC
20160114,UTA,SAC,SAC,UTA,INC
20160114,ORL,TOR,ORL,TOR,INC
20160114,ORL,TOR,TOR,ORL,INC
20160115,MIL,ATL,ATL,MIL,INC
20160115,MIL,ATL,MIL,ATL,INC
20160115,NOP,CHA,CHA,NOP,INC
20160116,WAS,BOS,WAS,BOS,INC
20160116,WAS,BOS,BOS,WAS,IC
20160117,DEN,IND,DEN,IND,IC
20160118,DAL,BOS,DAL,BOS,INC
20160118,DAL,BOS,DAL,BOS,INC
20160118,LAC,HOU,HOU,LAC,IC
20160118,NYK,PHI,NYK,PHI,INC
20160118,NYK,PHI,PHI,NYK,INC
20160118,NYK,PHI,NYK,PHI,IC
20160118,NYK,PHI,NYK,PHI,INC
20160118,NYK,PHI,PHI,NYK,IC
20160118,NYK,PHI,NYK,PHI,INC
20160118,NYK,PHI,NYK,PHI,INC
20160118,CHA,UTA,CHA,UTA,INC
20160118,CHA,UTA,CHA,UTA,INC
20160120,POR,ATL,POR,ATL,INC
20160120,POR,ATL,POR,ATL,INC
20160120,TOR,BOS,TOR,BOS,INC
20160120,DAL,MIN,DAL,MIN,INC
20160120,DAL,MIN,DAL,MIN,IC
20160120,DAL,MIN,MIN,DAL,INC
20160120,NYK,UTA,NYK,UTA,INC
20160120,NYK,UTA,NYK,UTA,INC
20160120,NYK,UTA,NYK,UTA,INC
20160120,NYK,UTA,UTA,NYK,INC
20160121,SAC,ATL,SAC,ATL,INC
20160121,SAC,ATL,ATL,SAC,IC
20160121,DEN,MEM,MEM,DEN,IC
20160122,ORL,CHA,CHA,ORL,IC
20160122,ORL,CHA,ORL,CHA,INC
20160123,DEN,DET,DET,DEN,INC
20160123,MIN,MEM,MIN,MEM,INC
20160125,SAC,CHA,CHA,SAC,IC
20160125,SAC,CHA,SAC,CHA,INC
20160125,SAC,CHA,SAC,CHA,IC
20160125,SAC,CHA,CHA,SAC,INC
20160125,UTA,DET,UTA,DET,INC
20160125,UTA,DET,UTA,DET,INC
20160125,MEM,ORL,ORL,MEM,INC
20160125,MEM,ORL,MEM,ORL,INC
20160126,LAL,DAL,LAL,DAL,IC
20160126,IND,LAC,LAC,IND,INC
20160126,IND,LAC,,,IC
20160126,NYK,OKC,OKC,NYK,INC
20160126,NYK,OKC,NYK,OKC,INC
20160127,ATL,LAC,ATL,LAC,INC
20160127,MIN,OKC,OKC,MIN,IC
20160128,WAS,DEN,WAS,DEN,IC
20160128,WAS,DEN,WAS,DEN,INC
20160129,MIL,MIA,MIA,MIL,INC
20160130,IND,DEN,IND,DEN,INC
20160130,HOU,WAS,HOU,WAS,IC
20160130,HOU,WAS,HOU,WAS,INC
20160201,UTA,CHI,CHI,UTA,INC
20160201,IND,CLE,CLE,IND,INC
20160201,IND,CLE,IND,CLE,INC
20160201,IND,CLE,IND,CLE,INC
20160201,BKN,DET,BKN,DET,INC
20160202,LAL,MIN,LAL,MIN,INC
20160202,LAL,MIN,LAL,MIN,INC
20160203,SAC,CHI,CHI,SAC,INC
20160203,UTA,DEN,UTA,DEN,INC
20160203,UTA,DEN,DEN,UTA,INC
20160203,DAL,MIA,DAL,MIA,INC
20160203,LAC,MIN,LAC,MIN,INC
20160203,LAC,MIN,LAC,MIN,INC
20160203,OKC,ORL,OKC,ORL,INC
20160204,PHO,HOU,PHO,HOU,INC
20160204,DET,NYK,DET,NYK,IC
20160205,CLE,BOS,CLE,BOS,IC
20160205,DEN,CHI,DEN,CHI,INC
20160205,ATL,IND,ATL,IND,INC
20160205,ATL,IND,IND,ATL,INC
20160205,NYK,MEM,MEM,NYK,INC
20160205,NYK,MEM,NYK,MEM,INC
20160205,NYK,MEM,NYK,MEM,IC
20160205,NYK,MEM,NYK,MEM,INC
20160205,CHA,MIA,CHA,MIA,INC
20160205,CHA,MIA,CHA,MIA,INC
20160205,UTA,MIL,MIL,UTA,INC
20160206,MEM,DAL,DAL,MEM,INC
20160206,MEM,DAL,MEM,DAL,INC
20160206,MEM,DAL,DAL,MEM,IC
20160206,MEM,DAL,MEM,DAL,INC
20160206,MEM,DAL,DAL,MEM,IC
20160206,SAS,LAL,LAL,SAS,IC
20160206,GSW,OKC,GSW,OKC,INC
20160206,CHA,WAS,CHA,WAS,INC
20160206,CHA,WAS,WAS,CHA,INC
20160207,ORL,ATL,ATL,ORL,INC
20160207,NYK,DEN,DEN,NYK,INC
20160207,NYK,DEN,DEN,DEN,INC
20160207,NYK,DEN,NYK,DEN,INC
20160208,PHI,LAC,LAC,PHI,INC
20160208,PHI,LAC,PHI,LAC,INC
20160208,ATL,ORL,ATL,ORL,INC
20160208,ATL,ORL,,,INC
20160208,ATL,ORL,ATL,ORL,IC
20160208,MEM,POR,POR,MEM,IC
20160209,DAL,UTA,DAL,UTA,INC
20160209,DAL,UTA,UTA,DAL,INC
20160209,DAL,UTA,UTA,DAL,IC
20160210,BOS,LAC,LAC,BOS,IC
20160210,BOS,LAC,BOS,LAC,IC
20160219,MIL,CHA,CHA,MIL,INC
20160219,ORL,DAL,DAL,ORL,IC
20160219,ORL,DAL,DAL,ORL,INC
20160219,ORL,DAL,ORL,DAL,INC
20160219,ATL,MIA,MIA,ATL,INC
20160219,MEM,MIN,MEM,MIN,IC
20160219,MEM,MIN,MIN,MEM,IC
20160220,ATL,MIL,MIL,ATL,INC
20160220,ATL,MIL,,,INC
20160220,ATL,MIL,ATL,MIL,INC
20160221,TOR,MEM,MEM,TOR,INC
20160221,POR,UTA,UTA,POR,INC
20160222,MIA,IND,IND,MIA,INC
20160222,MIA,IND,IND,MIA,INC
20160222,MIA,IND,IND,MIA,INC
20160222,MIA,IND,IND,MIA,INC
20160222,MIA,IND,MIA,IND,INC
20160222,MIA,IND,IND,MIA,INC
20160222,MIA,IND,IND,MIA,INC
20160222,MIA,IND,MIA,IND,IC
20160222,MIA,IND,IND,MIA,INC
20160223,POR,BKN,BKN,POR,INC
20160223,POR,BKN,BKN,POR,INC
20160223,UTA,HOU,HOU,UTA,INC
20160223,UTA,HOU,HOU,UTA,INC
20160223,UTA,HOU,HOU,UTA,INC
20160223,UTA,HOU,HOU,UTA,INC
20160223,UTA,HOU,HOU,UTA,INC
20160223,UTA,HOU,HOU,UTA,INC
20160223,DEN,SAC,DEN,SAC,INC
20160223,DEN,SAC,DEN,SAC,INC
20160224,LAC,DEN,DEN,LAC,INC
20160224,LAC,DEN,LAC,DEN,IC
20160224,MIA,GSW,MIA,GSW,INC
20160224,MIA,GSW,MIA,GSW,INC
20160224,MIA,GSW,MIA,GSW,INC
20160224,TOR,MIN,MIN,TOR,INC
20160224,TOR,MIN,TOR,MIN,INC
20160224,TOR,MIN,MIN,TOR,INC
20160224,IND,NYK,IND,NYK,INC
20160224,IND,NYK,NYK,IND,INC
20160224,IND,NYK,NYK,IND,INC
20160226,IND,CHA,CHA,IND,IC
20160226,TOR,CLE,CLE,TOR,INC
20160226,DAL,DEN,DAL,DEN,INC
20160226,DAL,DEN,DEN,DAL,INC
20160226,DAL,DEN,DAL,DEN,INC
20160226,DAL,DEN,DAL,DEN,INC
20160226,DAL,DEN,DAL,DEN,IC
20160226,PHI,WAS,PHI,WAS,INC
20160226,PHI,WAS,PHI,WAS,INC
20160226,PHI,WAS,PHI,WAS,INC
20160226,PHI,WAS,WAS,PHI,INC
20160227,OKC,GSW,OKC,GSW,INC
20160227,OKC,GSW,OKC,GSW,INC
20160229,CLE,IND,IND,CLE,INC
20160229,DEN,MEM,DEN,MEM,INC
20160229,DEN,MEM,MEM,DEN,INC
20160229,DEN,MEM,DEN,MEM,INC
20160229,BOS,UTA,UTA,BOS,INC
20160229,BOS,UTA,UTA,BOS,INC
20160301,GSW,ATL,ATL,GSW,INC
20160301,GSW,ATL,ATL,GSW,IC
20160301,GSW,ATL,ATL,GSW,IC
20160301,GSW,ATL,GSW,ATL,INC
20160301,GSW,ATL,GSW,ATL,INC
20160301,GSW,ATL,GSW,ATL,INC
20160301,LAL,BKN,LAL,BKN,INC
20160302,HOU,NOP,NOP,HOU,IC
20160302,MEM,SAC,SAC,MEM,INC
20160304,DEN,BKN,BKN,DEN,INC
20160304,DEN,BKN,DEN,BKN,INC
20160304,DEN,BKN,BKN,DEN,INC
20160304,BOS,NYK,NYK,BOS,INC
20160304,BOS,NYK,BOS,NYK,INC
20160304,TOR,POR,POR,TOR,INC
20160306,DEN,DAL,DEN,DAL,INC
20160306,DEN,DAL,DEN,DAL,INC
20160306,DEN,DAL,DEN,DAL,INC
20160306,DEN,DAL,DEN,DAL,INC
20160306,TOR,HOU,TOR,HOU,INC
20160306,TOR,HOU,TOR,HOU,INC
20160306,TOR,HOU,HOU,TOR,INC
20160307,CLE,MEM,MEM,CLE,INC
20160307,CLE,MEM,CLE,MEM,INC
20160307,CLE,MEM,MEM,CLE,INC
20160307,NOP,SAC,NOP,SAC,INC
20160307,IND,SAS,SAS,IND,IC
20160308,TOR,BKN,BKN,TOR,INC
20160308,TOR,BKN,TOR,BKN,INC
20160308,TOR,BKN,BKN,TOR,INC
20160308,TOR,BKN,,,INC
20160308,TOR,BKN,,,IC
20160308,POR,WAS,POR,WAS,INC
20160308,POR,WAS,POR,WAS,INC
20160308,POR,WAS,WAS,POR,INC
20160309,SAC,CLE,CLE,SAC,INC
20160309,SAC,CLE,CLE,SAC,INC
20160309,DAL,DET,DET,DAL,INC
20160309,DAL,DET,DAL,DET,INC
20160309,MIL,MIA,MIA,MIL,INC
20160309,MIL,MIA,MIL,MIA,INC
20160309,MIL,MIA,MIA,MIL,INC
20160309,MIL,MIA,MIL,MIA,INC
20160309,MIL,MIA,MIA,MIL,INC
20160309,CHA,NOP,CHA,NOP,INC
20160311,OKC,MIN,MIN,OKC,INC
20160311,MEM,NOP,NOP,MEM,INC
20160311,MEM,NOP,MEM,NOP,INC
20160311,MEM,NOP,MEM,NOP,INC
20160311,MEM,NOP,NOP,MEM,INC
20160311,MEM,NOP,NOP,MEM,INC
20160311,MEM,NOP,MEM,NOP,INC
20160311,MEM,NOP,MEM,NOP,INC
20160312,TOR,MIA,TOR,MIA,INC
20160312,TOR,MIA,TOR,MIA,INC
20160312,TOR,MIA,MIA,TOR,INC
20160312,TOR,MIA,TOR,MIA,INC
20160313,BKN,MIL,MIL,BKN,INC
20160313,BKN,MIL,BKN,MIL,INC
20160313,LAL,NYK,NYK,LAL,INC
20160313,LAL,NYK,NYK,LAL,INC
20160314,PHO,MIN,MIN,PHO,INC
20160314,PHO,MIN,PHO,MIN,IC
20160314,PHO,MIN,PHO,MIN,INC
20160316,DET,ATL,DET,ATL,INC
20160316,DET,ATL,DET,ATL,INC
20160316,CLE,DAL,DAL,CLE,INC
20160316,CLE,DAL,CLE,DAL,IC
20160316,CLE,DAL,DAL,CLE,INC
20160316,CLE,DAL,DAL,CLE,INC
20160316,CLE,DAL,CLE,DAL,INC
20160316,CLE,DAL,CLE,DAL,INC
20160317,MIA,CHA,MIA,CHA,INC
20160317,MIA,CHA,MIA,CHA,INC
20160317,IND,TOR,TOR,IND,INC
20160317,IND,TOR,IND,TOR,INC
20160317,IND,TOR,IND,TOR,INC
20160317,IND,TOR,TOR,IND,INC
20160317,PHI,WAS,WAS,PHI,INC
20160317,PHI,WAS,PHI,WAS,IC
20160317,PHI,WAS,WAS,PHI,INC
20160317,PHI,WAS,WAS,PHI,INC
20160317,PHI,WAS,WAS,PHI,INC
20160317,PHI,WAS,PHI,WAS,INC
20160317,PHI,WAS,WAS,PHI,INC
20160318,LAL,PHO,PHO,LAL,INC
20160318,LAL,PHO,PHO,LAL,INC
20160318,LAL,PHO,PHO,LAL,INC
20160318,LAL,PHO,PHO,LAL,INC
20160319,SAS,GSW,GSW,SAS,INC
20160320,TOR,ORL,TOR,ORL,INC
20160320,DAL,POR,DAL,POR,INC
20160320,DAL,POR,POR,DAL,INC
20160320,DAL,POR,DAL,POR,INC
20160320,DAL,POR,POR,DAL,INC
20160320,DAL,POR,POR,DAL,INC
20160320,DAL,POR,POR,DAL,INC
20160321,MIN,GSW,GSW,MIN,INC
20160321,MIN,GSW,GSW,MIN,INC
20160321,MIN,GSW,GSW,MIN,INC
20160321,PHO,MEM,MEM,PHO,INC
20160321,PHO,MEM,MEM,PHO,INC
20160321,DET,MIL,DET,MIL,INC
20160321,DET,MIL,DET,MIL,INC
20160321,DET,MIL,DET,MIL,INC
20160321,DET,MIL,DET,MIL,INC
20160321,DET,MIL,DET,MIL,INC
20160321,DET,MIL,DET,MIL,INC
20160321,CHI,SAC,CHI,SAC,INC
20160321,CHI,SAC,CHI,SAC,INC
20160321,CHA,SAS,SAS,CHA,INC
20160321,CHA,SAS,SAS,CHA,INC
20160321,CHA,SAS,SAS,CHA,INC
20160322,OKC,HOU,OKC,HOU,INC
20160322,OKC,HOU,HOU,OKC,INC
20160322,OKC,HOU,OKC,HOU,INC
20160323,HOU,UTA,HOU,UTA,INC
20160323,HOU,UTA,UTA,HOU,INC
20160323,HOU,UTA,HOU,UTA,INC
20160323,HOU,UTA,UTA,HOU,INC
20160323,HOU,UTA,UTA,HOU,INC
20160324,LAC,POR,LAC,POR,INC
20160324,LAC,POR,POR,LAC,INC
20160324,LAC,POR,LAC,POR,INC
20160324,LAC,POR,LAC,POR,INC
20160324,LAC,POR,LAC,POR,INC
20160325,WAS,MIN,MIN,WAS,INC
20160325,WAS,MIN,MIN,WAS,INC
20160325,WAS,MIN,WAS,MIN,INC
20160325,WAS,MIN,MIN,WAS,INC
20160325,WAS,MIN,MIN,WAS,INC
20160325,WAS,MIN,MIN,WAS,INC
20160325,WAS,MIN,MIN,WAS,INC
20160325,WAS,MIN,WAS,MIN,INC
20160325,WAS,MIN,MIN,WAS,INC
20160325,WAS,MIN,WAS,MIN,INC
20160325,WAS,MIN,MIN,WAS,INC
20160325,WAS,MIN,MIN,WAS,INC
20160325,WAS,MIN,WAS,MIN,INC
20160325,WAS,MIN,WAS,MIN,INC
20160326,PHO,BOS,PHO,BOS,INC
20160326,PHO,BOS,BOS,PHO,INC
20160326,POR,PHI,PHI,POR,INC
20160326,POR,PHI,POR,PHI,INC
20160327,IND,HOU,IND,HOU,INC
20160327,IND,HOU,HOU,IND,INC
20160327,IND,HOU,HOU,IND,INC
20160327,IND,HOU,HOU,IND,INC
20160328,CHI,ATL,CHI,ATL,INC
20160328,CHI,ATL,CHI,ATL,INC
20160328,NOP,NYK,NYK,NOP,INC
20160328,NOP,NYK,NYK,NOP,INC
20160328,NOP,NYK,NYK,NOP,INC
20160328,NOP,NYK,NYK,NOP,IC
20160328,NOP,NYK,NYK,NOP,INC
20160329,IND,CHI,CHI,IND,IC
20160329,CLE,HOU,CLE,HOU,INC
20160329,DET,OKC,OKC,DET,IC
20160329,DET,OKC,DET,OKC,INC
20160330,UTA,GSW,GSW,UTA,INC
20160330,UTA,GSW,GSW,UTA,INC
20160330,UTA,GSW,GSW,UTA,INC
20160330,UTA,GSW,GSW,UTA,INC
20160330,LAL,MIA,MIA,LAL,INC
20160330,DAL,NYK,DAL,NYK,INC
20160330,DAL,NYK,NYK,DAL,INC
20160330,DAL,NYK,NYK,DAL,INC
20160330,DAL,NYK,DAL,NYK,INC
20160330,DAL,NYK,NYK,DAL,INC
20160331,POR,BOS,POR,BOS,INC
20160331,POR,BOS,BOS,POR,INC
20160331,HOU,CHI,HOU,CHI,INC
20160331,HOU,CHI,HOU,CHI,INC
20160331,HOU,CHI,HOU,CHI,INC
20160331,NOP,DEN,DEN,NOP,INC
20160331,NOP,DEN,DEN,NOP,INC
20160331,NOP,DEN,DEN,NOP,INC
20160331,OKC,LAC,LAC,OKC,INC
20160331,OKC,LAC,LAC,OKC,INC
20160331,OKC,LAC,LAC,OKC,INC
20160331,OKC,LAC,LAC,OKC,INC
20160401,ATL,CLE,ATL,CLE,INC
20160401,ATL,CLE,CLE,ATL,INC
20160401,ATL,CLE,ATL,CLE,INC
20160401,ATL,CLE,CLE,ATL,INC
20160401,ATL,CLE,ATL,CLE,INC
20160401,ATL,CLE,CLE,ATL,INC
20160401,ATL,CLE,CLE,ATL,INC
20160401,ATL,CLE,ATL,CLE,INC
20160401,ATL,CLE,ATL,CLE,INC
20160401,SAC,MIA,MIA,SAC,INC
20160401,SAC,MIA,MIA,SAC,INC
20160401,SAC,MIA,SAC,MIA,INC
20160401,MIL,ORL,ORL,MIL,INC
20160401,MIL,ORL,MIL,ORL,INC
20160401,MIL,ORL,ORL,MIL,INC
20160401,MIL,ORL,MIL,ORL,INC
20160401,MEM,TOR,MEM,TOR,INC
20160401,MEM,TOR,MEM,TOR,INC
20160401,MEM,TOR,MEM,TOR,INC
20160401,MEM,TOR,TOR,MEM,INC
20160402,CHI,DET,DET,CHI,INC
20160402,CHI,DET,DET,CHI,IC
20160403,MIL,CHI,CHI,MIL,INC
20160403,NYK,IND,IND,NYK,INC
20160403,HOU,OKC,OKC,HOU,INC
20160403,HOU,OKC,HOU,OKC,INC
20160403,HOU,OKC,OKC,HOU,IC
20160403,HOU,OKC,OKC,HOU,IC
20160405,GSW,MIN,MIN,GSW,INC
20160405,GSW,MIN,MIN,GSW,INC
20160405,GSW,MIN,GSW,MIN,INC
20160405,GSW,MIN,GSW,MIN,IC
20160406,ORL,DET,ORL,DET,INC
20160406,ORL,DET,ORL,DET,INC
20160406,ORL,DET,ORL,DET,INC
20160406,DAL,HOU,HOU,DAL,INC
20160406,DAL,HOU,HOU,DAL,INC
20160406,DAL,HOU,DAL,HOU,INC
20160406,DAL,HOU,DAL,HOU,INC
20160406,DAL,HOU,HOU,DAL,INC
20160406,DAL,HOU,DAL,HOU,INC
20160407,HOU,PHO,HOU,PHO,INC
20160407,HOU,PHO,HOU,PHO,INC
20160407,HOU,PHO,HOU,PHO,INC
20160407,HOU,PHO,PHO,HOU,IC
20160407,ATL,TOR,TOR,ATL,IC
20160407,ATL,TOR,ATL,TOR,INC
20160408,UTA,LAC,LAC,UTA,INC
20160408,UTA,LAC,UTA,LAC,INC
20160408,ORL,MIA,ORL,MIA,INC
20160408,ORL,MIA,MIA,ORL,INC
20160408,DEN,SAS,DEN,SAS,IC
20160409,MEM,GSW,GSW,MEM,INC
20160409,MEM,GSW,MEM,GSW,INC
20160409,MEM,GSW,MEM,GSW,INC
20160409,MEM,GSW,MEM,GSW,INC
20160409,SAC,OKC,SAC,OKC,INC
20160409,SAC,OKC,SAC,OKC,INC
20160410,PHI,MIL,PHI,MIL,INC
20160410,PHI,MIL,MIL,PHI,IC
20160410,PHI,MIL,PHI,MIL,INC
20160410,PHI,MIL,PHI,MIL,INC
20160410,NYK,TOR,NYK,TOR,INC
20160410,NYK,TOR,NYK,TOR,INC
20160411,NOP,CHI,CHI,NOP,INC
20160411,NOP,CHI,NOP,CHI,INC
20160411,ORL,MIL,MIL,ORL,INC
20160411,ORL,MIL,MIL,ORL,INC
20160412,SAS,OKC,OKC,SAS,IC
20160412,SAS,OKC,SAS,OKC,INC
20160413,CLE,DET,CLE,DET,INC
20160413,CLE,DET,DET,CLE,INC
20160413,CLE,DET,CLE,DET,INC
20160413,CLE,DET,DET,CLE,INC
20160413,DAL,SAS,SAS,DAL,INC
20160413,DAL,SAS,DAL,SAS,INC
20160416,ATL,BOS,ATL,BOS,INC
20160416,ATL,BOS,ATL,BOS,IC
20160416,ATL,BOS,ATL,BOS,INC
20160416,ATL,BOS,ATL,BOS,INC
20160417,CLE,DET,DET,CLE,INC
20160418,OKC,DAL,DAL,OKC,INC
20160418,OKC,DAL,OKC,DAL,INC
20160418,OKC,DAL,OKC,DAL,INC
20160418,OKC,DAL,OKC,DAL,INC
20160421,HOU,GSW,HOU,GSW,INC
20160421,HOU,GSW,GSW,HOU,INC
20160421,HOU,GSW,HOU,GSW,INC
20160421,HOU,GSW,GSW,HOU,INC
20160422,BOS,ATL,BOS,ATL,IC
20160422,DET,CLE,DET,CLE,INC
20160422,DET,CLE,,,INC
20160424,BOS,ATL,ATL,BOS,INC
20160424,BOS,ATL,,,IC
20160424,BOS,ATL,ATL,BOS,INC
20160424,BOS,ATL,ATL,BOS,INC
20160424,DET,CLE,DET,CLE,INC
20160424,DET,CLE,DET,CLE,INC
20160425,CHA,MIA,MIA,CHA,INC
20160425,CHA,MIA,MIA,CHA,INC
20160425,CHA,MIA,CHA,MIA,INC
20160425,CHA,MIA,MIA,CHA,INC
20160427,MIA,CHA,MIA,CHA,INC
20160427,MIA,CHA,MIA,CHA,INC
20160429,POR,LAC,POR,LAC,INC
20160429,CHA,MIA,CHA,MIA,INC
20160429,CHA,MIA,CHA,MIA,INC
20160429,CHA,MIA,MIA,CHA,INC
20160501,TOR,IND,TOR,IND,INC
20160501,TOR,IND,IND,TOR,INC
20160502,SAS,OKC,SAS,OKC,INC
20160502,SAS,OKC,SAS,OKC,INC
20160502,SAS,OKC,SAS,OKC,INC
20160502,SAS,OKC,SAS,OKC,INC
20160502,SAS,OKC,OKC,SAS,INC
20160502,SAS,OKC,SAS,OKC,INC
20160502,SAS,OKC,SAS,OKC,INC
20160502,SAS,OKC,OKC,SAS,INC
20160503,TOR,MIA,TOR,MIA,INC
20160503,TOR,MIA,MIA,TOR,INC
20160503,TOR,MIA,TOR,MIA,INC
20160503,TOR,MIA,TOR,MIA,INC
20160503,TOR,MIA,TOR,MIA,INC
20160503,TOR,MIA,TOR,MIA,INC
20160503,TOR,MIA,TOR,MIA,INC
20160505,TOR,MIA,TOR,MIA,INC
20160505,TOR,MIA,TOR,MIA,INC
20160506,OKC,SAS,SAS,OKC,INC
20160507,MIA,TOR,MIA,TOR,INC
20160509,POR,GSW,POR,GSW,INC
20160509,POR,GSW,GSW,POR,IC
20160509,POR,GSW,POR,GSW,INC
20160509,MIA,TOR,TOR,MIA,INC
20160509,MIA,TOR,MIA,TOR,INC
20160509,MIA,TOR,TOR,MIA,INC
20160510,SAS,OKC,SAS,OKC,IC
20160510,SAS,OKC,SAS,OKC,INC
20160511,TOR,MIA,TOR,MIA,IC
20160511,TOR,MIA,TOR,MIA,INC
20160516,GSW,OKC,OKC,GSW,INC
20160516,GSW,OKC,GSW,OKC,INC
20160523,TOR,CLE,TOR,CLE,INC
20161025,POR,UTA,UTA,POR,INC
20161026,NOP,DEN,NOP,DEN,INC
20161026,NOP,DEN,NOP,DEN,INC
20161026,LAL,HOU,HOU,LAL,INC
20161026,LAL,HOU,HOU,LAL,INC
20161026,MEM,MIN,MEM,MIN,INC
20161026,MEM,MIN,MEM,MIN,INC
20161026,MEM,MIN,MIN,MEM,INC
20161026,MEM,MIN,MIN,MEM,INC
20161026,PHI,OKC,OKC,PHI,INC
20161027,CHI,BOS,BOS,CHI,INC
20161027,CHI,BOS,BOS,CHI,INC
20161028,TOR,CLE,CLE,TOR,INC
20161028,OKC,PHO,PHO,OKC,INC
20161029,DEN,POR,POR,DEN,INC
20161029,DEN,POR,POR,DEN,INC
20161029,DEN,POR,DEN,POR,INC
20161030,MEM,WAS,MEM,WAS,INC
20161031,TOR,DEN,TOR,DEN,IC
20161031,TOR,DEN,TOR,DEN,INC
20161101,CLE,HOU,HOU,CLE,INC
20161101,IND,LAL,LAL,IND,INC
20161101,MIA,SAC,MIA,SAC,INC
20161102,BOS,CHI,BOS,CHI,IC
20161102,BOS,CHI,CHI,BOS,INC
20161102,MEM,NOP,NOP,MEM,INC
20161102,PHO,POR,POR,PHO,INC
20161102,PHO,POR,PHO,POR,INC
20161103,MIN,DEN,DEN,MIN,INC
20161103,MIN,DEN,MIN,DEN,INC
20161103,MIN,DEN,MIN,DEN,INC
20161103,MIN,DEN,MIN,DEN,INC
20161104,BKN,CHA,CHA,BKN,INC
20161104,BKN,CHA,CHA,BKN,IC
20161104,NOP,PHO,PHO,NOP,INC
20161104,NOP,PHO,PHO,NOP,IC
20161104,NOP,PHO,NOP,PHO,INC
20161104,NOP,PHO,NOP,PHO,INC
20161105,ORL,WAS,WAS,ORL,INC
20161106,DAL,MIL,MIL,DAL,INC
20161106,DAL,MIL,MIL,DAL,INC
20161106,MEM,POR,MEM,POR,INC
20161106,TOR,SAC,SAC,TOR,INC
20161108,MEM,DEN,DEN,MEM,INC
20161108,MEM,DEN,,,IC
20161108,BKN,MIN,BKN,MIN,INC
20161108,POR,PHO,PHO,POR,INC
20161109,PHO,DET,DET,PHO,INC
20161109,PHO,DET,DET,PHO,INC
20161109,SAS,HOU,HOU,SAS,INC
20161110,MIA,CHI,MIA,CHI,INC
20161111,PHI,IND,IND,PHI,INC
20161111,OKC,LAC,LAC,OKC,INC
20161111,OKC,LAC,OKC,LAC,INC
20161111,POR,SAC,SAC,POR,INC
20161111,POR,SAC,SAC,POR,INC
20161111,POR,SAC,SAC,POR,IC
20161111,CHA,TOR,TOR,CHA,INC
20161111,CHA,TOR,CHA,TOR,INC
20161112,TOR,NYK,TOR,NYK,INC
20161114,NOP,BOS,BOS,NOP,INC
20161114,UTA,MEM,MEM,UTA,IC
20161115,MIA,ATL,MIA,ATL,INC
20161115,LAL,BKN,BKN,LAL,INC
20161115,LAL,BKN,LAL,BKN,IC
20161115,CLE,TOR,TOR,CLE,INC
20161116,BOS,DAL,DAL,BOS,INC
20161116,OKC,HOU,OKC,HOU,INC
20161116,OKC,HOU,OKC,HOU,INC
20161116,OKC,HOU,OKC,HOU,INC
20161116,OKC,HOU,OKC,HOU,INC
20161116,LAC,MEM,MEM,LAC,INC
20161116,LAC,MEM,LAC,MEM,IC
20161116,LAC,MEM,MEM,LAC,INC
20161116,ORL,NOP,NOP,ORL,INC
20161116,ORL,NOP,ORL,NOP,INC
20161116,ORL,NOP,NOP,ORL,IC
20161116,PHI,WAS,PHI,WAS,INC
20161116,PHI,WAS,WAS,PHI,INC
20161116,PHI,WAS,WAS,PHI,INC
20161118,CHA,ATL,ATL,CHA,IC
20161118,CHA,ATL,ATL,CHA,INC
20161118,SAC,LAC,SAC,LAC,INC
20161118,DEN,TOR,TOR,DEN,INC
20161118,DEN,TOR,DEN,TOR,INC
20161119,LAC,CHI,CHI,LAC,INC
20161119,LAC,CHI,LAC,CHI,INC
20161120,SAC,TOR,SAC,TOR,INC
20161120,SAC,TOR,TOR,SAC,INC
20161121,MIN,BOS,MIN,BOS,INC
20161121,MIN,BOS,MIN,BOS,INC
20161121,SAS,DAL,SAS,DAL,INC
20161121,SAS,DAL,SAS,DAL,INC
20161121,DET,HOU,HOU,DET,IC
20161121,DET,HOU,HOU,DET,INC
20161121,DET,HOU,DET,HOU,INC
20161121,DET,HOU,DET,HOU,INC
20161122,DEN,CHI,DEN,CHI,INC
20161122,DEN,CHI,DEN,CHI,INC
20161122,NYK,POR,NYK,POR,INC
20161122,NYK,POR,NYK,POR,INC
20161123,PHI,MEM,PHI,MEM,INC
20161123,PHI,MEM,PHI,MEM,INC
20161123,PHI,MEM,PHI,MEM,INC
20161123,CHA,SAS,CHA,SAS,IC
20161125,DEN,OKC,OKC,DEN,INC
20161125,DEN,OKC,DEN,OKC,INC
20161125,ORL,WAS,WAS,ORL,INC
20161128,WAS,SAC,SAC,WAS,INC
20161128,WAS,SAC,WAS,SAC,INC
20161128,WAS,SAC,WAS,SAC,INC
20161129,BKN,LAC,LAC,BKN,INC
20161129,BKN,LAC,BKN,LAC,INC
20161130,CHI,LAL,LAL,CHI,INC
20161130,CHI,LAL,CHI,LAL,INC
20161130,MIN,NYK,NYK,MIN,INC
20161130,MIN,NYK,MIN,NYK,INC
20161130,DAL,SAS,DAL,SAS,INC
20161130,DAL,SAS,DAL,SAS,INC
20161201,CHA,DAL,CHA,DAL,INC
20161201,CHA,DAL,CHA,DAL,IC
20161201,GSW,HOU,GSW,HOU,INC
20161201,GSW,HOU,HOU,GSW,INC
20161201,GSW,HOU,HOU,GSW,INC
20161201,GSW,HOU,GSW,HOU,INC
20161201,UTA,MIA,UTA,MIA,INC
20161201,UTA,MIA,MIA,UTA,INC
20161201,UTA,MIA,MIA,UTA,INC
20161201,UTA,MIA,UTA,UTA,INC
20161201,MEM,ORL,ORL,MEM,INC
20161202,NYK,MIN,MIN,NYK,INC
20161202,NYK,MIN,MIN,NYK,INC
20161202,BOS,SAC,SAC,BOS,INC
20161203,PHI,BOS,PHI,BOS,INC
20161203,PHI,BOS,BOS,PHI,INC
20161203,PHI,BOS,PHI,BOS,INC
20161203,PHI,BOS,BOS,PHI,INC
20161203,MEM,LAL,LAL,MEM,INC
20161203,MEM,LAL,MEM,LAL,INC
20161203,MEM,LAL,MEM,LAL,INC
20161203,POR,MIA,MIA,POR,INC
20161203,POR,MIA,POR,MIA,INC
20161203,CHA,MIN,CHA,MIN,INC
20161205,HOU,BOS,HOU,BOS,INC
20161205,HOU,BOS,BOS,HOU,INC
20161205,HOU,BOS,BOS,HOU,INC
20161205,NOP,MEM,NOP,MEM,INC
20161205,NOP,MEM,MEM,NOP,INC
20161205,NOP,MEM,NOP,MEM,INC
20161205,NOP,MEM,NOP,MEM,INC
20161205,BKN,WAS,BKN,WAS,INC
20161208,WAS,DEN,DEN,WAS,INC
20161208,WAS,DEN,DEN,WAS,INC
20161208,MEM,POR,POR,MEM,INC
20161209,MIL,ATL,MIL,ATL,INC
20161209,OKC,HOU,HOU,OKC,INC
20161209,OKC,HOU,OKC,HOU,INC
20161209,OKC,HOU,OKC,HOU,INC
20161209,SAC,NYK,SAC,NYK,INC
20161209,SAC,NYK,SAC,NYK,INC
20161210,WAS,MIL,WAS,MIL,INC
20161210,WAS,MIL,MIL,WAS,INC
20161211,PHO,NOP,NOP,PHO,INC
20161211,PHO,NOP,PHO,NOP,INC
20161212,HOU,BKN,HOU,BKN,INC
20161212,HOU,BKN,HOU,BKN,INC
20161212,LAC,POR,LAC,POR,INC
20161212,LAC,POR,LAC,POR,INC
20161212,LAC,POR,POR,LAC,INC
20161212,LAC,POR,POR,LAC,INC
20161212,MIA,WAS,WAS,MIA,INC
20161213,NOP,GSW,GSW,NOP,INC
20161213,CHI,MIN,CHI,MIN,INC
20161213,CHI,MIN,CHI,MIN,INC
20161213,CHI,MIN,MIN,CHI,INC
20161213,PHO,NYK,NYK,PHO,INC
20161213,PHO,NYK,PHO,NYK,INC
20161213,PHO,NYK,NYK,PHO,INC
20161213,PHO,NYK,NYK,PHO,INC
20161213,PHO,NYK,PHO,NYK,INC
20161213,PHO,NYK,PHO,NYK,INC
20161214,WAS,CHA,WAS,CHA,INC
20161214,MIA,IND,MIA,IND,INC
20161215,NOP,IND,IND,NOP,INC
20161215,NOP,IND,IND,NOP,INC
20161216,UTA,DAL,DAL,UTA,INC
20161216,UTA,DAL,DAL,UTA,INC
20161216,UTA,DAL,DAL,UTA,INC
20161216,MEM,SAC,SAC,MEM,INC
20161216,MEM,SAC,MEM,SAC,INC
20161216,MEM,SAC,SAC,MEM,INC
20161216,MEM,SAC,MEM,SAC,INC
20161216,MEM,SAC,MEM,SAC,INC
20161216,MEM,SAC,MEM,SAC,INC
20161217,ATL,CHA,CHA,ATL,INC
20161218,PHI,BKN,BKN,PHI,INC
20161218,PHI,BKN,BKN,PHI,INC
20161218,PHI,BKN,BKN,PHI,INC
20161218,WAS,LAC,WAS,LAC,INC
20161218,WAS,LAC,WAS,LAC,INC
20161219,OKC,ATL,ATL,OKC,INC
20161219,OKC,ATL,ATL,OKC,INC
20161220,MEM,BOS,BOS,MEM,INC
20161220,MIL,CLE,CLE,MIL,INC
20161220,MIL,CLE,MIL,CLE,INC
20161220,CHA,LAL,LAL,CHA,INC
20161220,CHA,LAL,CHA,LAL,INC
20161220,CHA,LAL,CHA,LAL,INC
20161220,MIA,ORL,ORL,MIA,INC
20161220,MIA,ORL,MIA,ORL,INC
20161220,MIA,ORL,ORL,MIA,INC
20161220,MIA,ORL,ORL,MIA,INC
20161220,SAC,POR,SAC,POR,INC
20161220,HOU,SAS,HOU,SAS,INC
20161220,HOU,SAS,HOU,SAS,INC
20161220,HOU,SAS,SAS,HOU,INC
20161220,HOU,SAS,SAS,HOU,INC
20161221,POR,DAL,POR,DAL,INC
20161221,UTA,SAC,SAC,UTA,INC
20161221,UTA,SAC,UTA,SAC,INC
20161222,MIA,LAL,MIA,LAL,INC
20161223,DEN,ATL,ATL,DEN,IC
20161223,DEN,ATL,DEN,ATL,IC
20161223,LAC,DAL,DAL,LAC,INC
20161223,LAC,DAL,LAC,DAL,INC
20161223,DET,GSW,GSW,DET,INC
20161223,NOP,MIA,MIA,NOP,INC
20161223,BOS,OKC,OKC,BOS,INC
20161223,BOS,OKC,BOS,OKC,INC
20161223,MIN,SAC,MIN,SAC,INC
20161225,CLE,GSW,CLE,GSW,INC
20161225,CLE,GSW,CLE,GSW,INC
20161226,NOP,DAL,NOP,DAL,IC
20161226,CHI,IND,CHI,IND,INC
20161226,WAS,MIL,MIL,WAS,INC
20161226,SAC,PHI,SAC,PHI,INC
20161227,LAL,UTA,LAL,UTA,INC
20161227,LAL,UTA,LAL,UTA,INC
20161228,CHI,BKN,CHI,BKN,INC
20161228,CHI,BKN,CHI,BKN,INC
20161228,WAS,IND,WAS,IND,IC
20161228,WAS,IND,IND,WAS,IC
20161228,ATL,NYK,NYK,ATL,INC
20161228,ATL,NYK,NYK,ATL,INC
20161229,CLE,BOS,CLE,BOS,INC
20161229,CHA,MIA,MIA,CHA,INC
20161230,BOS,MIA,MIA,BOS,INC
20161231,UTA,PHO,UTA,PHO,INC
20161231,UTA,PHO,PHO,UTA,INC
20170101,ATL,SAS,ATL,SAS,INC
20170101,ATL,SAS,ATL,SAS,INC
20170102,MIL,OKC,OKC,MIL,INC
20170102,HOU,WAS,WAS,HOU,INC
20170103,PHI,MIN,MIN,PHI,INC
20170104,LAC,MEM,MEM,LAC,IC
20170104,SAC,MIA,MIA,SAC,INC
20170104,NYK,MIL,NYK,MIL,INC
20170104,NYK,MIL,NYK,MIL,INC
20170105,NOP,ATL,ATL,NOP,INC
20170105,NOP,ATL,ATL,NOP,INC
20170105,HOU,OKC,OKC,HOU,INC
20170105,TOR,UTA,UTA,TOR,INC
20170105,TOR,UTA,TOR,UTA,INC
20170105,TOR,UTA,UTA,TOR,INC
20170106,WAS,MIN,MIN,WAS,INC
20170106,WAS,MIN,WAS,MIN,INC
20170106,BOS,PHI,BOS,PHI,INC
20170106,BOS,PHI,BOS,PHI,INC
20170107,CHI,TOR,TOR,CHI,INC
20170107,CHI,TOR,CHI,TOR,INC
20170108,POR,DET,DET,POR,INC
20170108,POR,DET,POR,DET,INC
20170108,MIL,WAS,MIL,WAS,INC
20170110,TOR,BOS,BOS,TOR,INC
20170110,HOU,CHA,HOU,CHA,INC
20170110,WAS,CHI,WAS,CHI,INC
20170112,BKN,NOP,BKN,NOP,INC
20170112,BKN,NOP,NOP,BKN,INC
20170113,ATL,BOS,BOS,ATL,INC
20170114,UTA,ORL,ORL,UTA,IC
20170114,UTA,ORL,ORL,UTA,INC
20170114,PHO,SAS,PHO,SAS,INC
20170114,PHO,SAS,SAS,PHO,INC
20170115,MEM,CHI,MEM,CHI,INC
20170116,IND,NOP,NOP,IND,INC
20170116,PHO,UTA,PHO,UTA,INC
20170116,PHO,UTA,PHO,UTA,INC
20170116,PHO,UTA,UTA,PHO,INC
20170117,CHI,DAL,DAL,CHI,INC
20170118,SAC,IND,SAC,IND,INC
20170119,MIA,DAL,MIA,DAL,INC
20170119,MIA,DAL,MIA,DAL,INC
20170119,NYK,WAS,NYK,WAS,INC
20170119,NYK,WAS,,,INC
20170120,PHI,POR,PHI,POR,INC
20170120,DAL,UTA,DAL,UTA,INC
20170121,BOS,POR,BOS,POR,IC
20170121,CHI,SAC,SAC,CHI,INC
20170121,CHI,SAC,SAC,CHI,INC
20170121,CHI,SAC,SAC,CHI,IC
20170121,DET,WAS,DET,WAS,INC
20170122,MIN,DEN,MIN,DEN,INC
20170122,MIN,DEN,DEN,MIN,INC
20170123,MIA,GSW,GSW,MIA,INC
20170123,UTA,OKC,UTA,OKC,INC
20170124,PHO,MIN,MIN,PHO,INC
20170124,PHO,MIN,MIN,PHO,IC
20170124,TOR,SAS,SAS,TOR,INC
20170125,CHI,ATL,ATL,CHI,INC
20170125,CLE,SAC,SAC,CLE,INC
20170125,CLE,SAC,CLE,SAC,INC
20170125,MEM,TOR,TOR,MEM,INC
20170127,NYK,CHA,NYK,CHA,INC
20170127,POR,MEM,POR,MEM,INC
20170127,POR,MEM,POR,MEM,INC
20170127,IND,SAC,SAC,IND,IC
20170127,IND,SAC,SAC,IND,INC
20170128,MIL,BOS,MIL,BOS,INC
20170128,UTA,MEM,MEM,UTA,INC
20170129,SAS,DAL,DAL,SAS,INC
20170129,POR,GSW,POR,GSW,INC
20170129,POR,GSW,GSW,POR,INC
20170129,POR,GSW,POR,GSW,INC
20170129,ATL,NYK,NYK,ATL,INC
20170129,ATL,NYK,NYK,ATL,INC
20170129,ATL,NYK,ATL,NYK,INC
20170129,ATL,NYK,ATL,NYK,INC
20170129,ATL,NYK,ATL,NYK,INC
20170129,ATL,NYK,NYK,ATL,IC
20170129,ATL,NYK,NYK,ATL,IC
20170129,ATL,NYK,NYK,ATL,INC
20170129,ATL,NYK,ATL,NYK,INC
20170129,ATL,NYK,NYK,ATL,INC
20170129,ATL,NYK,ATL,NYK,INC
20170130,MIA,BKN,MIA,BKN,INC
20170130,MIA,BKN,BKN,MIA,INC
20170130,BOS,DET,BOS,DET,INC
20170131,TOR,NOP,TOR,NOP,IC
20170131,TOR,NOP,TOR,NOP,INC
20170202,HOU,ATL,ATL,HOU,INC
20170203,HOU,CHI,CHI,HOU,INC
20170203,HOU,CHI,CHI,HOU,INC
20170203,HOU,CHI,HOU,CHI,IC
20170203,BKN,IND,BKN,IND,INC
20170203,BKN,IND,BKN,IND,INC
20170203,BKN,IND,BKN,IND,INC
20170204,SAC,GSW,SAC,GSW,INC
20170204,SAC,GSW,SAC,GSW,INC
20170204,SAC,GSW,SAC,GSW,INC
20170204,SAC,GSW,SAC,GSW,INC
20170204,SAC,GSW,GSW,SAC,INC
20170206,WAS,CLE,WAS,CLE,INC
20170206,WAS,CLE,CLE,WAS,INC
20170206,WAS,CLE,CLE,WAS,INC
20170206,WAS,CLE,WAS,CLE,INC
20170206,WAS,CLE,WAS,CLE,INC
20170206,NOP,PHO,PHO,NOP,INC
20170207,DAL,POR,POR,DAL,IC
20170208,ATL,DEN,ATL,DEN,INC
20170208,NYK,LAC,LAC,NYK,INC
20170208,NYK,LAC,LAC,NYK,INC
20170208,MIN,TOR,MIN,TOR,INC
20170208,BKN,WAS,WAS,BKN,INC
20170208,BKN,WAS,,,IC
20170208,BKN,WAS,BKN,WAS,INC
20170209,DAL,UTA,UTA,DAL,INC
20170210,SAC,ATL,SAC,ATL,INC
20170210,SAC,ATL,SAC,ATL,INC
20170210,SAC,ATL,ATL,SAC,INC
20170210,WAS,IND,IND,WAS,INC
20170210,BKN,MIA,MIA,BKN,INC
20170210,BKN,MIA,BKN,MIA,INC
20170211,CHA,LAC,CHA,LAC,INC
20170211,CHA,LAC,CHA,LAC,INC
20170211,CHA,LAC,LAC,CHA,INC
20170211,CHA,LAC,LAC,CHA,INC
20170212,TOR,DET,DET,TOR,INC
20170212,NYK,SAS,SAS,NYK,INC
20170213,POR,ATL,ATL,POR,INC
20170213,POR,ATL,ATL,POR,INC
20170213,PHO,NOP,PHO,NOP,INC
20170213,PHO,NOP,PHO,NOP,INC
20170213,IND,SAS,IND,SAS,INC
20170213,IND,SAS,SAS,IND,INC
20170213,IND,SAS,IND,SAS,INC
20170214,CHI,TOR,TOR,CHI,INC
20170214,CHI,TOR,CHI,TOR,INC
20170214,CHI,TOR,TOR,CHI,INC
20170215,MEM,NOP,NOP,MEM,INC
20170215,MEM,NOP,MEM,NOP,INC
20170215,MEM,NOP,MEM,NOP,INC
20170223,DET,CHA,CHA,DET,INC
20170224,TOR,BOS,BOS,TOR,INC
20170224,TOR,BOS,BOS,TOR,INC
20170224,TOR,BOS,BOS,TOR,INC
20170224,CHI,PHO,CHI,PHO,INC
20170224,CHI,PHO,CHI,PHO,INC
20170225,NYK,PHI,PHI,NYK,INC
20170225,NYK,PHI,NYK,PHI,INC
20170225,NYK,PHI,NYK,PHI,INC
20170226,LAC,CHA,LAC,CHA,INC
20170226,LAC,CHA,CHA,LAC,INC
20170226,TOR,POR,TOR,POR,INC
20170227,NYK,TOR,TOR,NYK,INC
20170227,NYK,TOR,TOR,NYK,INC
20170227,NYK,TOR,TOR,NYK,INC
20170228,LAL,CHA,LAL,CHA,INC
20170228,WAS,GSW,WAS,GSW,INC
20170228,DET,POR,POR,DET,INC
20170228,DET,POR,DET,POR,INC
20170228,DET,POR,DET,POR,INC
20170228,OKC,UTA,OKC,UTA,INC
20170301,BOS,CLE,BOS,CLE,INC
20170301,SAS,IND,IND,SAS,INC
20170301,SAS,IND,SAS,IND,INC
20170302,CHI,GSW,GSW,CHI,INC
20170303,ATL,CLE,CLE,ATL,INC
20170303,PHI,NYK,NYK,PHI,INC
20170303,PHI,NYK,NYK,PHI,INC
20170303,NOP,SAS,NOP,SAS,IC
20170304,SAS,MIN,SAS,MIN,INC
20170305,PHO,BOS,PHO,BOS,INC
20170305,PHO,BOS,BOS,PHO,INC
20170305,SAC,UTA,,,IC
20170305,SAC,UTA,UTA,SAC,INC
20170306,SAS,HOU,HOU,SAS,INC
20170306,SAS,HOU,HOU,SAS,INC
20170306,SAS,HOU,HOU,SAS,INC
20170308,ATL,BKN,BKN,ATL,INC
20170308,ATL,BKN,ATL,BKN,INC
20170308,ORL,CHI,CHI,ORL,INC
20170308,HOU,UTA,HOU,UTA,INC
20170308,HOU,UTA,UTA,HOU,INC
20170310,MIN,GSW,MIN,GSW,INC
20170310,SAC,WAS,SAC,WAS,INC
20170310,SAC,WAS,WAS,SAC,INC
20170311,MIL,MIN,MIN,MIL,INC
20170311,MIL,MIN,MIL,MIN,INC
20170311,DAL,PHO,DAL,PHO,INC
20170311,DAL,PHO,PHO,DAL,INC
20170311,DAL,PHO,PHO,DAL,INC
20170311,POR,WAS,POR,WAS,INC
20170311,POR,WAS,POR,WAS,INC
20170311,POR,WAS,WAS,POR,INC
20170311,POR,WAS,WAS,POR,INC
20170312,IND,MIA,MIA,IND,INC
20170312,IND,MIA,MIA,IND,INC
20170313,UTA,LAC,LAC,UTA,INC
20170313,UTA,LAC,LAC,UTA,INC
20170313,UTA,LAC,LAC,UTA,INC
20170313,SAC,ORL,ORL,SAC,INC
20170313,SAC,ORL,SAC,ORL,INC
20170314,GSW,PHI,PHI,GSW,INC
20170314,GSW,PHI,PHI,GSW,INC
20170314,GSW,PHI,GSW,PHI,INC
20170315,CHI,MEM,CHI,MEM,INC
20170315,LAC,MIL,LAC,MIL,INC
20170315,PHO,SAC,SAC,PHO,INC
20170319,PHI,BOS,PHI,BOS,INC
20170319,PHI,BOS,BOS,PHI,INC
20170319,PHI,BOS,BOS,PHI,INC
20170320,HOU,DEN,DEN,HOU,INC
20170320,ORL,PHI,PHI,ORL,INC
20170320,ORL,PHI,PHI,ORL,INC
20170320,IND,UTA,IND,UTA,INC
20170320,IND,UTA,UTA,IND,INC
20170321,TOR,CHI,CHI,TOR,INC
20170321,TOR,CHI,CHI,TOR,IC
20170321,TOR,CHI,CHI,TOR,INC
20170321,BKN,DET,DET,BKN,INC
20170321,BKN,DET,DET,BKN,INC
20170321,BKN,DET,DET,BKN,INC
20170321,POR,MIL,POR,MIL,INC
20170323,DAL,LAC,LAC,DAL,INC
20170323,DAL,LAC,LAC,DAL,INC
20170323,DAL,LAC,LAC,DAL,INC
20170326,BOS,MIA,MIA,BOS,INC
20170326,BOS,MIA,MIA,BOS,INC
20170326,BOS,MIA,BOS,MIA,IC
20170328,DET,MIA,DET,MIA,INC
20170328,DET,MIA,DET,MIA,INC
20170328,DET,MIA,MIA,DET,INC
20170328,DET,MIA,MIA,DET,INC
20170328,IND,MIN,IND,MIN,INC
20170328,IND,MIN,MIN,IND,INC
20170328,IND,MIN,MIN,IND,INC
20170328,IND,MIN,MIN,IND,INC
20170328,BKN,PHI,PHI,BKN,INC
20170328,BKN,PHI,BKN,PHI,IC
20170328,LAL,WAS,LAL,WAS,INC
20170329,TOR,CHA,TOR,CHA,INC
20170329,NOP,DAL,DAL,NOP,INC
20170329,BOS,MIL,MIL,BOS,INC
20170329,ORL,OKC,ORL,ORL,INC
20170329,ORL,OKC,OKC,ORL,INC
20170330,POR,HOU,HOU,POR,INC
20170331,MIL,DET,DET,MIL,INC
20170331,MIL,DET,DET,MIL,INC
20170331,MIL,DET,DET,MIL,INC
20170331,UTA,WAS,WAS,UTA,INC
20170401,CHI,ATL,ATL,CHI,INC
20170401,CHI,ATL,ATL,CHI,INC
20170402,CLE,IND,IND,CLE,INC
20170402,CLE,IND,IND,CLE,INC
20170402,CLE,IND,IND,CLE,INC
20170402,LAL,MEM,MEM,LAL,INC
20170403,MIN,POR,POR,MIN,INC
20170403,MIN,POR,POR,MIN,INC
20170404,WAS,CHA,CHA,WAS,INC
20170404,WAS,CHA,CHA,WAS,INC
20170404,NOP,DEN,DEN,NOP,INC
20170404,SAS,MEM,MEM,SAS,INC
20170404,SAS,MEM,MEM,SAS,INC
20170405,HOU,DEN,DEN,HOU,INC
20170405,MEM,OKC,MEM,OKC,INC
20170405,MEM,OKC,MEM,OKC,INC
20170405,MEM,OKC,MEM,OKC,INC
20170405,DET,TOR,DET,TOR,INC
20170405,DET,TOR,DET,TOR,INC
20170405,DET,TOR,DET,TOR,INC
20170407,HOU,DET,DET,HOU,INC
20170407,HOU,DET,DET,HOU,INC
20170407,TOR,MIA,TOR,MIA,INC
20170407,TOR,MIA,MIA,TOR,INC
20170407,TOR,MIA,MIA,TOR,INC
20170407,UTA,MIN,MIN,UTA,INC
20170407,UTA,MIN,UTA,MIN,INC
20170407,UTA,MIN,MIN,UTA,INC
20170407,LAL,SAC,LAL,SAC,INC
20170408,BKN,CHI,CHI,BKN,INC
20170408,WAS,MIA,MIA,WAS,INC
20170408,WAS,MIA,MIA,WAS,INC
20170408,WAS,MIA,WAS,MIA,INC
20170409,ATL,CLE,ATL,CLE,INC
20170409,ATL,CLE,ATL,CLE,IC
20170409,ATL,CLE,CLE,ATL,INC
20170409,ATL,CLE,CLE,ATL,IC
20170410,MIA,CLE,CLE,MIA,INC
20170410,POR,SAS,SAS,POR,INC
20170410,GSW,UTA,UTA,GSW,INC
20170411,MIN,OKC,OKC,MIN,INC
20170411,MIN,OKC,OKC,MIN,INC
20170412,ORL,DET,ORL,DET,INC
20170412,POR,NOP,POR,NOP,INC
20170412,POR,NOP,NOP,POR,INC
20170415,CLE,IND,IND,CLE,INC
20170415,CLE,IND,IND,CLE,INC
20170416,WAS,ATL,WAS,ATL,INC
20170416,WAS,ATL,WAS,ATL,INC
20170416,BOS,CHI,CHI,BOS,INC
20170416,BOS,CHI,BOS,CHI,INC
20170418,TOR,MIL,MIL,TOR,INC
20170418,TOR,MIL,MIL,TOR,INC
20170419,HOU,OKC,OKC,HOU,INC
20170419,HOU,OKC,OKC,HOU,INC
20170420,IND,CLE,CLE,IND,INC
20170420,IND,CLE,IND,CLE,INC
20170421,OKC,HOU,HOU,OKC,INC
20170421,OKC,HOU,HOU,OKC,INC
20170421,UTA,LAC,UTA,LAC,INC
20170422,MEM,SAS,SAS,MEM,INC
20170422,MEM,SAS,SAS,MEM,INC
20170423,IND,CLE,CLE,IND,INC
20170423,IND,CLE,IND,CLE,INC
20170423,OKC,HOU,HOU,OKC,INC
20170425,LAC,UTA,LAC,UTA,INC
20170425,LAC,UTA,UTA,LAC,IC
20170426,WAS,ATL,WAS,ATL,INC
20170426,WAS,ATL,WAS,ATL,INC
20170426,WAS,ATL,ATL,WAS,INC
20170427,MEM,SAS,MEM,SAS,INC
20170427,MIL,TOR,TOR,MIL,INC
20170427,MIL,TOR,MIL,TOR,INC
20170427,MIL,TOR,MIL,TOR,INC
20170428,UTA,LAC,UTA,LAC,INC
20170428,UTA,LAC,UTA,LAC,INC
20170502,BOS,WAS,WAS,BOS,INC
20170508,SAS,HOU,HOU,SAS,INC
20170508,SAS,HOU,SAS,HOU,INC
20170508,SAS,HOU,SAS,HOU,INC
20170508,SAS,HOU,SAS,HOU,INC
20170508,SAS,HOU,HOU,SAS,INC
20170512,WAS,BOS,BOS,WAS,INC
20170512,WAS,BOS,BOS,WAS,INC
20170514,GSW,SAS,GSW,SAS,INC
20170514,GSW,SAS,SAS,GSW,INC
20170521,CLE,BOS,BOS,CLE,INC
20170607,CLE,GSW,CLE,GSW,INC
20170607,CLE,GSW,GSW,CLE,INC
20171017,CLE,BOS,BOS,CLE,INC
20171017,CLE,BOS,CLE,BOS,INC
20171017,GSW,HOU,GSW,HOU,INC
20171018,DAL,ATL,ATL,DAL,INC
20171018,DAL,ATL,DAL,ATL,INC
20171018,DAL,ATL,ATL,DAL,INC
20171018,SAC,HOU,HOU,SAC,INC
20171018,SAC,HOU,SAC,HOU,IC
20171018,ORL,MIA,MIA,ORL,INC
20171020,WAS,DET,WAS,DET,INC
20171020,WAS,DET,WAS,DET,INC
20171020,PHO,LAL,PHO,LAL,INC
20171020,PHO,LAL,PHO,LAL,INC
20171020,BKN,ORL,ORL,BKN,INC
20171020,DAL,SAC,DAL,SAC,INC
20171020,MIN,UTA,MIN,UTA,INC
20171020,MIN,UTA,MIN,UTA,INC
20171020,MIN,UTA,MIN,UTA,INC
20171021,NYK,DET,NYK,DET,INC
20171021,NYK,DET,DET,NYK,INC
20171021,MIL,POR,POR,MIL,INC
20171021,MIL,POR,MIL,POR,INC
20171021,MIL,POR,POR,MIL,INC
