play_id,ref_1,ref_2,ref_3,video,box_score_url,original_pdf,game_id
20150302LACMIN-7,Josh Tiven,Justin Van Duyne,Sean Wright,http://official.nba.com/last-two-minute-report/?gameNo=0021400888&eventNum=528,http://www.basketball-reference.com/boxscores/201503020MIN.html,L2M-LAC-MIN-3-2-15.pdf,20150302LACMIN
20150303WASCHI-3,Courtney Kirkland,Tre Maddox,Tom Washington,http://official.nba.com/last-two-minute-report/?gameNo=0021400893&eventNum=504,http://www.basketball-reference.com/boxscores/201503030CHI.html,L2M-WAS-CHI-3-3-15.pdf,20150303WASCHI
20150304LALMIA-5,Nick Buchert,Dan Crawford,Dedric Taylor,http://official.nba.com/last-two-minute-report/?gameNo=0021400905&eventNum=551,http://www.basketball-reference.com/boxscores/201503040MIA.html,L2M-LAL-MIA-3-4-15.pdf,20150304LALMIA
20150306LALMEM-10,David Jones,Leroy Richardson,James Williams,http://official.nba.com/last-two-minute-report/?gameNo=0021400918&eventNum=488,http://www.basketball-reference.com/boxscores/201503060MEM.html,L2M-LAL@MEM-3-6-15.pdf,20150306LALMEM
20150306MIAWAS-1,Mark Ayotte,Jason Phillips,Haywoode Workman,http://official.nba.com/last-two-minute-report/?gameNo=0021400920&eventNum=491,http://www.basketball-reference.com/boxscores/201503060WAS.html,L2M-MIA@WAS-3-6-15.pdf,20150306MIAWAS
20150307SACMIA-16,Marc Davis,Lauren Holtkamp,Scott Wall,http://official.nba.com/last-two-minute-report/?gameNo=0021400925&eventNum=583,http://www.basketball-reference.com/boxscores/201503070MIA.html,L2M-SAC-MIA-3-7-15.pdf,20150307SACMIA
20150307WASMIL-2,Curtis Blair,Derrick Collins,Ed Malloy,http://official.nba.com/last-two-minute-report/?gameNo=0021400929&eventNum=452,http://www.basketball-reference.com/boxscores/201503070MIL.html,L2M-WAS-MIL-3-7-15.pdf,20150307WASMIL
20150311CHIPHI-16,Bennie Adams,Tony Brown,Leon Wood,http://official.nba.com/last-two-minute-report/?gameNo=0021400953&eventNum=583,http://www.basketball-reference.com/boxscores/201503110PHI.html,L2M-CHI-PHI-3-11-15.pdf,20150311CHIPHI
20150312MILIND-17,Pat Fraher,Marat Kogut,Bennett Salvatore,http://official.nba.com/last-two-minute-report/?gameNo=0021400962&eventNum=584,http://www.basketball-reference.com/boxscores/201503120IND.html,L2M-MIL-IND-3-12-15.pdf,20150312MILIND
20150316LALGSW-3,Derrick Stafford,Josh Tiven,James Williams,http://official.nba.com/last-two-minute-report/?gameNo=0021400999&eventNum=497,http://www.basketball-reference.com/boxscores/201503160GSW.html,L2M-LAL@GSW-3-16-15..pdf,20150316LALGSW
20150319MINNYK-22,Kevin Cutler,David Jones,Eric Lewis,http://official.nba.com/last-two-minute-report/?gameNo=0021401016&eventNum=560,http://www.basketball-reference.com/boxscores/201503190NYK.html,L2M-MIN@NYK-3-19-15.pdf,20150319MINNYK
20150322DALPHO-8,Tre Maddox,Derrick Stafford,Josh Tiven,http://official.nba.com/last-two-minute-report/?gameNo=0021401046&eventNum=522,http://www.basketball-reference.com/boxscores/201503220PHO.html,L2M-DAL-PHX-3-22-15.pdf,20150322DALPHO
20150325LALMIN-10,Matt Boland,Tony Brown,Bennett Salvatore,http://official.nba.com/last-two-minute-report/?gameNo=0021401067&eventNum=505,http://www.basketball-reference.com/boxscores/201503250MIN.html,L2M-LAL-MIN-3-25-15.pdf,20150325LALMIN
20150401DALOKC-1,Joe Crawford,Leroy Richardson,Josh Tiven,http://official.nba.com/last-two-minute-report/?gameNo=0021401120&eventNum=519,http://www.basketball-reference.com/boxscores/201504010OKC.html,L2M-DAL-OKC-4-1-15.pdf,20150401DALOKC
20150408PHODAL-1,Scott Foster,Karl Lane,Sean Wright,http://official.nba.com/last-two-minute-report/?gameNo=0021401171&eventNum=491,http://www.basketball-reference.com/boxscores/201504080DAL.html,L2M-PHO-DAL-4-8-15.pdf,20150408PHODAL
20150410DALDEN-4,Brian Forte,Dedric Taylor,Tom Washington,http://official.nba.com/last-two-minute-report/?gameNo=0021401184&eventNum=564,http://www.basketball-reference.com/boxscores/201504100DEN.html,L2M-DAL-DEN-4-10-15.pdf,20150410DALDEN
20150410MEMUTA-6,Nick Buchert,Bennett Salvatore,Kevin Scott,http://official.nba.com/last-two-minute-report/?gameNo=0021401185&eventNum=489,http://www.basketball-reference.com/boxscores/201504100UTA.html,L2M-MEM-UTA-4-10-15.pdf,20150410MEMUTA
20150411TORMIA-1,Steve Anderson,James Capers,David Guthrie,http://official.nba.com/last-two-minute-report/?gameNo=0021401188&eventNum=574,http://www.basketball-reference.com/boxscores/201504110MIA.html,L2M-TOR-MIA-4-11-15.pdf,20150411TORMIA
20150412OKCIND-6,Courtney Kirkland,Marat Kogut,Ed Malloy,http://official.nba.com/last-two-minute-report/?gameNo=0021401197&eventNum=553,http://www.basketball-reference.com/boxscores/201504120IND.html,L2M-OKC-IND-4-12-15.pdf,20150412OKCIND
20150415DENGSW-2,Bill Kennedy,Scott Wall,Leon Wood,http://official.nba.com/last-two-minute-report/?gameNo=0021401229&eventNum=568,http://www.basketball-reference.com/boxscores/201504150GSW.html,L2M-DEN-GSW-4-15-15.pdf,20150415DENGSW
20150415WASCLE-17,Kane Fitzgerald,Scott Foster,Scott Twardoski,http://official.nba.com/last-two-minute-report/?gameNo=0021401225&eventNum=577,http://www.basketball-reference.com/boxscores/201504150CLE.html,L2M-WAS-CLE-4-15-15.pdf,20150415WASCLE
20150422BKNATL-2,Mike Callahan,Michael Smith,Zach Zarba,http://official.nba.com/last-two-minute-report/?gameNo=0041400102&eventNum=533,http://www.basketball-reference.com/boxscores/201504220ATL.html,L2M-BKN-ATL-4-22-15.pdf,20150422BKNATL
20150423CHIMIL-23,Brian Forte,Ed Malloy,Ken Mauer,http://official.nba.com/last-two-minute-report/?gameNo=0041400123&eventNum=523,http://www.basketball-reference.com/boxscores/201504230MIL.html,L2M-CHI-MIL-4-23-15.pdf,20150423CHIMIL
20150423GSWNOP-21,Kane Fitzgerald,Scott Foster,Derrick Stafford,http://official.nba.com/last-two-minute-report/?gameNo=0041400143&eventNum=631,http://www.basketball-reference.com/boxscores/201504230NOP.html,GSW-NOP-4-23-15v3.pdf,20150423GSWNOP
20150427MEMPOR-0,Derrick Collins,Dan Crawford,Marc Davis,http://official.nba.com/last-two-minute-report/?gameNo=0041400174&eventNum=424,http://www.basketball-reference.com/boxscores/201504270POR.html,L2M-MEM-POR-4-27-15.pdf,20150427MEMPOR
20150427MEMPOR-9,Derrick Collins,Dan Crawford,Marc Davis,http://official.nba.com/last-two-minute-report/?gameNo=0041400174&eventNum=437,http://www.basketball-reference.com/boxscores/201504270POR.html,L2M-MEM-POR-4-27-15.pdf,20150427MEMPOR
20151028INDTOR-2,Bennie Adams,Ken Mauer,Leroy Richardson,http://official.nba.com/last-two-minute-report/?gameNo=0021500009&eventNum=568,http://www.basketball-reference.com/boxscores/201510280TOR.html,L2M-IND-TOR-10-28-15.pdf,20151028INDTOR
20151028INDTOR-8,Bennie Adams,Ken Mauer,Leroy Richardson,http://official.nba.com/last-two-minute-report/?gameNo=0021500009&eventNum=605,http://www.basketball-reference.com/boxscores/201510280TOR.html,L2M-IND-TOR-10-28-15.pdf,20151028INDTOR
20151030CHAATL-4,Jason Phillips,Dedric Taylor,Scott Wall,http://official.nba.com/last-two-minute-report/?gameNo=0021500026&eventNum=528,http://www.basketball-reference.com/boxscores/201510300ATL.html,L2M-CHA-ATL-10-30-15.pdf,20151030CHAATL
20151030CHIDET-14,Bennie Adams,Marat Kogut,Ken Mauer,http://official.nba.com/last-two-minute-report/?gameNo=0021500025&eventNum=608,http://www.basketball-reference.com/boxscores/201510300DET.html,L2M-CHI-DET-10-30-15.pdf,20151030CHIDET
20151030OKCORL-26,Joe Crawford,David Jones,Justin Van Duyne,http://official.nba.com/last-two-minute-report/?gameNo=0021500022&eventNum=708,http://www.basketball-reference.com/boxscores/201510300ORL.html,L2M-OKC-ORL-10-30-15.pdf,20151030OKCORL
20151102MILBKN-4,Mitchell Ervin,Monty McCutchen,Gary Zielinski,http://official.nba.com/last-two-minute-report/?gameNo=0021500047&eventNum=482,http://www.basketball-reference.com/boxscores/201511020BRK.html,L2M-MIL-BKN-11-2-15.pdf,20151102MILBKN
20151103ORLNOP-4,Brent Barnaky,Ron Garretson,Tre Maddox,http://official.nba.com/last-two-minute-report/?gameNo=0021500056&eventNum=525,http://www.basketball-reference.com/boxscores/201511030NOP.html,L2M-ORL-NOP-11-3-15.pdf,20151103ORLNOP
20151107MINCHI-0,Tony Brothers,Sean Corbin,Tyler Ford,http://official.nba.com/last-two-minute-report/?gameNo=0021500085&eventNum=532,http://www.basketball-reference.com/boxscores/201511070CHI.html,L2M-MIN-CHI-11-7-15.pdf,20151107MINCHI
20151109PORDEN-1,Matt Boland,Brian Forte,Scott Twardoski,http://official.nba.com/last-two-minute-report/?gameNo=0021500102&eventNum=531,http://www.basketball-reference.com/boxscores/201511090DEN.html,L2M-POR-DEN-11-9-15.pdf,20151109PORDEN
20151111MILDEN-4,John Goble,Tre Maddox,Scott Wall,http://official.nba.com/last-two-minute-report/?gameNo=0021500121&eventNum=451,http://www.basketball-reference.com/boxscores/201511110DEN.html,L2M-MIL-DEN-11-11-15.pdf,20151111MILDEN
20151113LALDAL-1,Bennie Adams,Ed Malloy,Scott Twardoski,http://official.nba.com/last-two-minute-report/?gameNo=0021500135&eventNum=545,http://www.basketball-reference.com/boxscores/201511130DAL.html,L2M-LAL-DAL-11-13-15.pdf,20151113LALDAL
20151113LALDAL-5,Bennie Adams,Ed Malloy,Scott Twardoski,http://official.nba.com/last-two-minute-report/?gameNo=0021500135&eventNum=551,http://www.basketball-reference.com/boxscores/201511130DAL.html,L2M-LAL-DAL-11-13-15.pdf,20151113LALDAL
20151114CLEMIL-3,Matt Boland,Marc Davis,Karl Lane,http://official.nba.com/last-two-minute-report/?gameNo=0021500141&eventNum=542,http://www.basketball-reference.com/boxscores/201511140MIL.html,L2M-CLE-MIL-11-14-15.pdf,20151114CLEMIL
20151114CLEMIL-5,Matt Boland,Marc Davis,Karl Lane,http://official.nba.com/last-two-minute-report/?gameNo=0021500141&eventNum=547,http://www.basketball-reference.com/boxscores/201511140MIL.html,L2M-CLE-MIL-11-14-15.pdf,20151114CLEMIL
20151114CLEMIL-15,Matt Boland,Marc Davis,Karl Lane,http://official.nba.com/last-two-minute-report/?gameNo=0021500141&eventNum=603,http://www.basketball-reference.com/boxscores/201511140MIL.html,L2M-CLE-MIL-11-14-15.pdf,20151114CLEMIL
20151114ORLWAS-3,Tony Brown,John Goble,Haywoode Workman,http://official.nba.com/last-two-minute-report/?gameNo=0021500139&eventNum=538,http://www.basketball-reference.com/boxscores/201511140WAS.html,L2M-ORL-WAS-11-14-15.pdf,20151114ORLWAS
20151115TORSAC-5,Mitchell Ervin,Monty McCutchen,James Williams,http://official.nba.com/last-two-minute-report/?gameNo=0021500150&eventNum=485,http://www.basketball-reference.com/boxscores/201511150SAC.html,L2M-TOR-SAC-11-15-15.pdf,20151115TORSAC
20151118TORUTA-8,Kane Fitzgerald,Jason Phillips,Dedric Taylor,http://official.nba.com/last-two-minute-report/?gameNo=0021500173&eventNum=467,http://www.basketball-reference.com/boxscores/201511180UTA.html,L2M-TOR-UTA-11-18-15.pdf,20151118TORUTA
20151121WASDET-10,Matt Boland,Mitchell Ervin,Monty McCutchen,http://official.nba.com/last-two-minute-report/?gameNo=0021500192&eventNum=478,http://www.basketball-reference.com/boxscores/201511210DET.html,L2M-WAS-DET-11-21-15.pdf,20151121WASDET
20151123PHIMIN-6,Tony Brothers,Michael Smith,Haywoode Workman,http://official.nba.com/last-two-minute-report/?gameNo=0021500206&eventNum=520,http://www.basketball-reference.com/boxscores/201511230MIN.html,L2M-PHI-MIN-11-23-15.pdf,20151123PHIMIN
20151128BKNCLE-0,Derrick Collins,Scott Foster,Derek Richardson,http://official.nba.com/last-two-minute-report/?gameNo=0021500240&eventNum=536,http://www.basketball-reference.com/boxscores/201511280CLE.html,L2M-BKN-CLE-11-28-15.pdf,20151128BKNCLE
20151129PHOTOR-16,Pat Fraher,Karl Lane,Derrick Stafford,http://official.nba.com/last-two-minute-report/?gameNo=0021500250&eventNum=526,http://www.basketball-reference.com/boxscores/201511290TOR.html,L2M-PHX-TOR-11-29-15.pdf,20151129PHOTOR
20151130BOSMIA-2,Steve Anderson,James Capers,James Williams,http://official.nba.com/last-two-minute-report/?gameNo=0021500255&eventNum=499,http://www.basketball-reference.com/boxscores/201511300MIA.html,L2M-BOS-MIA-11-30-151.pdf,20151130BOSMIA
20151130SASCHI-8,Matt Boland,Leon Wood,Zach Zarba,http://official.nba.com/last-two-minute-report/?gameNo=0021500257&eventNum=494,http://www.basketball-reference.com/boxscores/201511300CHI.html,L2M-SAS-CHI-11-30-151.pdf,20151130SASCHI
20151202LALWAS-0,Tony Brown,David Jones,Karl Lane,http://official.nba.com/last-two-minute-report/?gameNo=0021500269&eventNum=522,http://www.basketball-reference.com/boxscores/201512020WAS.html,L2M-LAL-WAS-12-2-15.pdf,20151202LALWAS
20151202PHODET-1,Derrick Collins,Courtney Kirkland,Justin Van Duyne,http://official.nba.com/last-two-minute-report/?gameNo=0021500270&eventNum=492,http://www.basketball-reference.com/boxscores/201512020DET.html,L2M-PHX-DET-12-2-15.pdf,20151202PHODET
20151203OKCMIA-3,Dan Crawford,David Guthrie,Eli Roe,http://official.nba.com/last-two-minute-report/?gameNo=0021500277&eventNum=511,http://www.basketball-reference.com/boxscores/201512030MIA.html,L2M-OKC-MIA-12-3-15.pdf,20151203OKCMIA
20151205BOSSAS-2,Derrick Collins,Gediminas Petraitis,Tom Washington,http://official.nba.com/last-two-minute-report/?gameNo=0021500296&eventNum=491,http://www.basketball-reference.com/boxscores/201512050SAS.html,L2M-BOS-SAS-12-5-15.pdf,20151205BOSSAS
20151205BOSSAS-6,Derrick Collins,Gediminas Petraitis,Tom Washington,http://official.nba.com/last-two-minute-report/?gameNo=0021500296&eventNum=509,http://www.basketball-reference.com/boxscores/201512050SAS.html,L2M-BOS-SAS-12-5-15.pdf,20151205BOSSAS
20151205INDUTA-3,Tre Maddox,Rodney Mott,Gary Zielinski,http://official.nba.com/last-two-minute-report/?gameNo=0021500297&eventNum=576,http://www.basketball-reference.com/boxscores/201512050UTA.html,L2M-IND-UTA-12-5-15.pdf,20151205INDUTA
20151214LACDET-6,Mitchell Ervin,Kane Fitzgerald,Pat Fraher,http://official.nba.com/last-two-minute-report/?gameNo=0021500359&eventNum=454,http://www.basketball-reference.com/boxscores/201512140DET.html,L2M-LAC-DET-12-14-15.pdf,20151214LACDET
20151216BOSDET-5,Lauren Holtkamp,Courtney Kirkland,Eric Lewis,http://official.nba.com/last-two-minute-report/?gameNo=0021500374&eventNum=577,http://www.basketball-reference.com/boxscores/201512160DET.html,L2M-BOS-DET-12-16-15.pdf,20151216BOSDET
20151218DETCHI-15,Steve Anderson,James Capers,Gary Zielinski,http://official.nba.com/last-two-minute-report/?gameNo=0021500391&eventNum=1459,http://www.basketball-reference.com/boxscores/201512180CHI.html,L2M-DET-CHI-12-18-15.pdf,20151218DETCHI
20151218MILGSW-11,Tony Brothers,David Guthrie,Haywoode Workman,http://official.nba.com/last-two-minute-report/?gameNo=0021500397&eventNum=555,http://www.basketball-reference.com/boxscores/201512180GSW.html,L2M-MIL-GSW-12-18-15.pdf,20151218MILGSW
20151219CHAWAS-9,Dan Crawford,Bill Kennedy,J.T. Orr,http://official.nba.com/last-two-minute-report/?gameNo=0021500399&eventNum=504,http://www.basketball-reference.com/boxscores/201512190WAS.html,L2M-CHA-WAS-12-19-15.pdf,20151219CHAWAS
20151221CHAHOU-12,Sean Corbin,Scott Twardoski,Zach Zarba,http://official.nba.com/last-two-minute-report/?gameNo=0021500415&eventNum=627,http://www.basketball-reference.com/boxscores/201512210HOU.html,L2M-CHA-HOU-12-21-15.pdf,20151221CHAHOU
20151222DETMIA-1,Eric Lewis,Aaron Smith,Bill Spooner,http://official.nba.com/last-two-minute-report/?gameNo=0021500420&eventNum=420,http://www.basketball-reference.com/boxscores/201512220MIA.html,L2M-DET-MIA-12-22-15.pdf,20151222DETMIA
20151225CLEGSW-11,Matt Boland,Scott Foster,Courtney Kirkland,http://official.nba.com/last-two-minute-report/?gameNo=0021500438&eventNum=549,http://www.basketball-reference.com/boxscores/201512250GSW.html,L2M-CLE-GSW-12-25-15.pdf,20151225CLEGSW
20151226MIAORL-2,Pat Fraher,Kevin Scott,Ben Taylor,http://official.nba.com/last-two-minute-report/?gameNo=0021500444&eventNum=456,http://www.basketball-reference.com/boxscores/201512260ORL.html,L2M-MIA@ORL-12-26-15.pdf,20151226MIAORL
20151230LALBOS-9,Brent Barnaky,Mike Callahan,Haywoode Workman,http://official.nba.com/last-two-minute-report/?gameNo=0021500476&eventNum=536,http://www.basketball-reference.com/boxscores/201512300BOS.html,L2M-LAL-BOS-12-30-15.pdf,20151230LALBOS
20151230PHISAC-6,James Capers,Brett Nansel,Scott Wall,http://official.nba.com/last-two-minute-report/?gameNo=0021500483&eventNum=624,http://www.basketball-reference.com/boxscores/201512300SAC.html,L2M-PHI-SAC-12-30-15.pdf,20151230PHISAC
20160102DENGSW-7,Mark Ayotte,James Capers,Justin Van Duyne,http://official.nba.com/last-two-minute-report/?gameNo=0021500504&eventNum=520,http://www.basketball-reference.com/boxscores/201601020GSW.html,L2M-DEN-GSW-1-2-16.pdf,20160102DENGSW
20160102MEMUTA-4,Josh Tiven,Scott Twardoski,Sean Wright,http://official.nba.com/last-two-minute-report/?gameNo=0021500503&eventNum=488,http://www.basketball-reference.com/boxscores/201601020UTA.html,L2M-MEM-UTA-1-2-16.pdf,20160102MEMUTA
20160102NOPDAL-5,Tony Brown,Kevin Scott,Tom Washington,http://official.nba.com/last-two-minute-report/?gameNo=0021500501&eventNum=519,http://www.basketball-reference.com/boxscores/201601020DAL.html,L2M-NOP-DAL-1-2-16.pdf,20160102NOPDAL
20160102NOPDAL-6,Tony Brown,Kevin Scott,Tom Washington,http://official.nba.com/last-two-minute-report/?gameNo=0021500501&eventNum=525,http://www.basketball-reference.com/boxscores/201601020DAL.html,L2M-NOP-DAL-1-2-16.pdf,20160102NOPDAL
20160105SACDAL-25,Ron Garretson,Aaron Smith,James Williams,http://official.nba.com/last-two-minute-report/?gameNo=0021500523&eventNum=584,http://www.basketball-reference.com/boxscores/201601050DAL.html,L2M-SAC-DAL-1-5-16.pdf,20160105SACDAL
20160108OKCLAL-6,Bennie Adams,Tre Maddox,Ken Mauer,http://official.nba.com/last-two-minute-report/?gameNo=0021500549&eventNum=527,http://www.basketball-reference.com/boxscores/201601080LAL.html,L2M-OKC-LAL-1-8-16.pdf,20160108OKCLAL
20160110INDHOU-15,Lauren Holtkamp,Monty McCutchen,Josh Tiven,http://official.nba.com/last-two-minute-report/?gameNo=0021500561&eventNum=524,http://www.basketball-reference.com/boxscores/201601100HOU.html,L2M-IND-HOU-1-10-16.pdf,20160110INDHOU
20160112CLEDAL-2,Eric Lewis,Tre Maddox,Ken Mauer,http://official.nba.com/last-two-minute-report/?gameNo=0021500575&eventNum=476,http://www.basketball-reference.com/boxscores/201601120DAL.html,L2M-CLE-DAL-1-12-16.pdf,20160112CLEDAL
20160113GSWDEN-9,Kevin Cutler,Eric Lewis,Kevin Scott,http://official.nba.com/last-two-minute-report/?gameNo=0021500583&eventNum=1312,http://www.basketball-reference.com/boxscores/201601130DEN.html,L2M-GSW-DEN-1-13-16.pdf,20160113GSWDEN
20160114CHIPHI-3,Mark Ayotte,Ken Mauer,Eli Roe,http://official.nba.com/last-two-minute-report/?gameNo=0021500587&eventNum=568,http://www.basketball-reference.com/boxscores/201601140PHI.html,L2M-CHI-PHI-1-14-16.pdf,20160114CHIPHI
20160116BOSWAS-14,Tony Brothers,Tyler Ford,Josh Tiven,http://official.nba.com/last-two-minute-report/?gameNo=0021500604&eventNum=629,http://www.basketball-reference.com/boxscores/201601160WAS.html,L2M-BOS@WAS-1-16-16.pdf,20160116BOSWAS
20160117INDDEN-8,David Guthrie,Bill Kennedy,Brett Nansel,http://official.nba.com/last-two-minute-report/?gameNo=0021500613&eventNum=596,http://www.basketball-reference.com/boxscores/201601170DEN.html,L2M-IND-DEN-1-17-16.pdf,20160117INDDEN
20160118HOULAC-3,Dan Crawford,J.T. Orr,James Williams,http://official.nba.com/last-two-minute-report/?gameNo=0021500624&eventNum=562,http://www.basketball-reference.com/boxscores/201601180LAC.html,L2M-HOU-LAC-1-18-16.pdf,20160118HOULAC
20160118PHINYK-9,Karl Lane,Eric Lewis,Josh Tiven,http://official.nba.com/last-two-minute-report/?gameNo=0021500615&eventNum=528,http://www.basketball-reference.com/boxscores/201601180NYK.html,L2M-PHI-NYK-1-18-16.pdf,20160118PHINYK
20160118PHINYK-18,Karl Lane,Eric Lewis,Josh Tiven,http://official.nba.com/last-two-minute-report/?gameNo=0021500615&eventNum=559,http://www.basketball-reference.com/boxscores/201601180NYK.html,L2M-PHI-NYK-1-18-16.pdf,20160118PHINYK
20160120MINDAL-6,Marc Davis,Pat Fraher,Haywoode Workman,http://official.nba.com/last-two-minute-report/?gameNo=0021500637&eventNum=498,http://www.basketball-reference.com/boxscores/201601200DAL.html,L2M-MIN-DAL-1-20-16.pdf,20160120MINDAL
20160121ATLSAC-19,Tony Brothers,Nick Buchert,J.T. Orr,http://official.nba.com/last-two-minute-report/?gameNo=0021500643&eventNum=563,http://www.basketball-reference.com/boxscores/201601210SAC.html,L2M-ATL-SAC-1-21-16.pdf,20160121ATLSAC
20160121MEMDEN-1,Mitchell Ervin,Rodney Mott,Scott Wall,http://official.nba.com/last-two-minute-report/?gameNo=0021500642&eventNum=497,http://www.basketball-reference.com/boxscores/201601210DEN.html,L2M-MEM-DEN-1-21-16.pdf,20160121MEMDEN
20160122CHAORL-1,Kevin Cutler,Scott Foster,David Jones,http://official.nba.com/last-two-minute-report/?gameNo=0021500645&eventNum=484,http://www.basketball-reference.com/boxscores/201601220ORL.html,L2M-CHA-ORL-1-22-16.pdf,20160122CHAORL
20160125CHASAC-30,Steve Anderson,Kane Fitzgerald,Zach Zarba,http://official.nba.com/last-two-minute-report/?gameNo=0021500674&eventNum=631,http://www.basketball-reference.com/boxscores/201601250SAC.html,L2M-CHA-SAC-1-25-16.pdf,20160125CHASAC
20160125CHASAC-41,Steve Anderson,Kane Fitzgerald,Zach Zarba,http://official.nba.com/last-two-minute-report/?gameNo=0021500674&eventNum=695,http://www.basketball-reference.com/boxscores/201601250SAC.html,L2M-CHA-SAC-1-25-16.pdf,20160125CHASAC
20160126DALLAL-6,Kevin Cutler,Kane Fitzgerald,Sean Wright,http://official.nba.com/last-two-minute-report/?gameNo=0021500683&eventNum=524,http://www.basketball-reference.com/boxscores/201601260LAL.html,L2M-DAL-LAL-1-26-16.pdf,20160126DALLAL
20160126LACIND-11,Ron Garretson,David Jones,Justin Van Duyne,http://official.nba.com/last-two-minute-report/?gameNo=0021500676&eventNum=537,http://www.basketball-reference.com/boxscores/201601260IND.html,L2M-LAC-IND-1-26-16.pdf,20160126LACIND
20160127OKCMIN-4,Steve Anderson,Sean Corbin,Leroy Richardson,http://official.nba.com/last-two-minute-report/?gameNo=0021500688&eventNum=515,http://www.basketball-reference.com/boxscores/201601270MIN.html,L2M-OKC@MIN-1-27-16-2.pdf,20160127OKCMIN
20160128DENWAS-15,Bennie Adams,Ken Mauer,Gediminas Petraitis,http://official.nba.com/last-two-minute-report/?gameNo=0021500693&eventNum=567,http://www.basketball-reference.com/boxscores/201601280WAS.html,L2M-DEN-WAS-1-28-16.pdf,20160128DENWAS
20160130WASHOU-0,Mitchell Ervin,John Goble,Josh Tiven,http://official.nba.com/last-two-minute-report/?gameNo=0021500711&eventNum=556,http://www.basketball-reference.com/boxscores/201601300HOU.html,L2M-WAS@HOU-1-30-16.pdf,20160130WASHOU
20160204NYKDET-7,Sean Corbin,Mitchell Ervin,Rodney Mott,http://official.nba.com/last-two-minute-report/?gameNo=0021500746&eventNum=559,http://www.basketball-reference.com/boxscores/201602040DET.html,L2M-NYK-DET-2-4-16.pdf,20160204NYKDET
20160205BOSCLE-11,Steve Anderson,Bill Spooner,James Williams,http://official.nba.com/last-two-minute-report/?gameNo=0021500755&eventNum=635,http://www.basketball-reference.com/boxscores/201602050CLE.html,L2M-BOS-CLE-2-5-16.pdf,20160205BOSCLE
20160205MEMNYK-3,Nick Buchert,Kane Fitzgerald,Bill Kennedy,http://official.nba.com/last-two-minute-report/?gameNo=0021500756&eventNum=477,http://www.basketball-reference.com/boxscores/201602050NYK.html,L2M-MEM-NYK-2-5-16.pdf,20160205MEMNYK
20160206DALMEM-16,John Goble,Tre Maddox,James Williams,http://official.nba.com/last-two-minute-report/?gameNo=0021500765&eventNum=552,http://www.basketball-reference.com/boxscores/201602060MEM.html,L2M-DAL-MEM-2-6-16.pdf,20160206DALMEM
20160206DALMEM-24,John Goble,Tre Maddox,James Williams,http://official.nba.com/last-two-minute-report/?gameNo=0021500765&eventNum=586,http://www.basketball-reference.com/boxscores/201602060MEM.html,L2M-DAL-MEM-2-6-16.pdf,20160206DALMEM
20160206LALSAS-8,Sean Corbin,Leroy Richardson,Gary Zielinski,http://official.nba.com/last-two-minute-report/?gameNo=0021500767&eventNum=532,http://www.basketball-reference.com/boxscores/201602060SAS.html,L2M-LAL-SAS-2-6-16.pdf,20160206LALSAS
20160208ORLATL-13,Marc Davis,James Williams,Leon Wood,http://official.nba.com/last-two-minute-report/?gameNo=0021500780&eventNum=558,http://www.basketball-reference.com/boxscores/201602080ATL.html,L2M-ORL@ATL-2-8-16.pdf,20160208ORLATL
20160208PORMEM-14,Bennie Adams,Matt Boland,Eric Lewis,http://official.nba.com/last-two-minute-report/?gameNo=0021500781&eventNum=509,http://www.basketball-reference.com/boxscores/201602080MEM.html,L2M-POR@MEM-2-8-16.pdf,20160208PORMEM
20160209UTADAL-20,Tony Brothers,Justin Van Duyne,Scott Wall,http://official.nba.com/last-two-minute-report/?gameNo=0021500787&eventNum=579,http://www.basketball-reference.com/boxscores/201602090DAL.html,L2M-UTA@DAL-2-9-16.pdf,20160209UTADAL
20160210LACBOS-11,Bennie Adams,Derrick Stafford,Scott Twardoski,http://official.nba.com/last-two-minute-report/?gameNo=0021500792&eventNum=616,http://www.basketball-reference.com/boxscores/201602100BOS.html,L2M-LAC@BOS-2-10-16.pdf,20160210LACBOS
20160210LACBOS-13,Bennie Adams,Derrick Stafford,Scott Twardoski,http://official.nba.com/last-two-minute-report/?gameNo=0021500792&eventNum=631,http://www.basketball-reference.com/boxscores/201602100BOS.html,L2M-LAC@BOS-2-10-16.pdf,20160210LACBOS
20160219DALORL-11,Derrick Collins,Ken Mauer,Haywoode Workman,http://official.nba.com/last-two-minute-report/?gameNo=0021500805&eventNum=1265,http://www.basketball-reference.com/boxscores/201602190ORL.html,L2M-DAL-ORL-2-19-16.pdf,20160219DALORL
20160219MINMEM-0,Mark Ayotte,Ed Malloy,Gediminas Petraitis,http://official.nba.com/last-two-minute-report/?gameNo=0021500810&eventNum=512,http://www.basketball-reference.com/boxscores/201602190MEM.html,L2M-MIN-MEM-2-19-16.pdf,20160219MINMEM
20160219MINMEM-2,Mark Ayotte,Ed Malloy,Gediminas Petraitis,http://official.nba.com/last-two-minute-report/?gameNo=0021500810&eventNum=522,http://www.basketball-reference.com/boxscores/201602190MEM.html,L2M-MIN-MEM-2-19-16.pdf,20160219MINMEM
20160222INDMIA-28,Eric Dalen,Leroy Richardson,Zach Zarba,http://official.nba.com/last-two-minute-report/?gameNo=0021500834&eventNum=617,http://www.basketball-reference.com/boxscores/201602220MIA.html,L2M-IND@MIA-2-22-16.pdf,20160222INDMIA
20160224DENLAC-6,Marc Davis,Mitchell Ervin,Brian Forte,http://official.nba.com/last-two-minute-report/?gameNo=0021500853&eventNum=530,http://www.basketball-reference.com/boxscores/201602240LAC.html,L2M-DEN-LAC-2-24-16.pdf,20160224DENLAC
20160226CHAIND-1,Matt Boland,Ron Garretson,Michael Smith,http://official.nba.com/last-two-minute-report/?gameNo=0021500861&eventNum=492,http://www.basketball-reference.com/boxscores/201602260IND.html,L2M-CHA-IND-2-26-16.pdf,20160226CHAIND
20160226DENDAL-21,Scott Foster,Courtney Kirkland,Leon Wood,http://official.nba.com/last-two-minute-report/?gameNo=0021500866&eventNum=630,http://www.basketball-reference.com/boxscores/201602260DAL.html,L2M-DEN-DAL-2-26-16.pdf,20160226DENDAL
20160301ATLGSW-7,Marc Davis,Leroy Richardson,Haywoode Workman,http://official.nba.com/last-two-minute-report/?gameNo=0021500895&eventNum=496,http://www.basketball-reference.com/boxscores/201603010GSW.html,L2M-ATL-GSW-3-1-16.pdf,20160301ATLGSW
20160301ATLGSW-13,Marc Davis,Leroy Richardson,Haywoode Workman,http://official.nba.com/last-two-minute-report/?gameNo=0021500895&eventNum=521,http://www.basketball-reference.com/boxscores/201603010GSW.html,L2M-ATL-GSW-3-1-16.pdf,20160301ATLGSW
20160302NOPHOU-0,Brent Barnaky,Kane Fitzgerald,Rodney Mott,http://official.nba.com/last-two-minute-report/?gameNo=0021500901&eventNum=591,http://www.basketball-reference.com/boxscores/201603020HOU.html,L2M-NOP-HOU-3-2-16.pdf,20160302NOPHOU
20160307SASIND-3,Pat Fraher,Lauren Holtkamp,Bill Kennedy,http://official.nba.com/last-two-minute-report/?gameNo=0021500939&eventNum=501,http://www.basketball-reference.com/boxscores/201603070IND.html,L2M-SAS-IND-3-7-16.pdf,20160307SASIND
20160308BKNTOR-11,Brent Barnaky,Eli Roe,Tom Washington,http://official.nba.com/last-two-minute-report/?gameNo=0021500944&eventNum=494,http://www.basketball-reference.com/boxscores/201603080TOR.html,L2M-BKN-TOR-3-8-16-1.pdf,20160308BKNTOR
20160314MINPHO-3,Matt Boland,Bill Kennedy,J.T. Orr,http://official.nba.com/last-two-minute-report/?gameNo=0021500995&eventNum=554,http://www.basketball-reference.com/boxscores/201603140PHO.html,L2M-MIN-PHX-3-14-16.pdf,20160314MINPHO
20160316DALCLE-2,Bennie Adams,Dan Crawford,Marat Kogut,http://official.nba.com/last-two-minute-report/?gameNo=0021501005&eventNum=517,http://www.basketball-reference.com/boxscores/201603160CLE.html,L2M-DAL@CLE-3-16-2016.pdf,20160316DALCLE
20160317WASPHI-2,Curtis Blair,Tony Brothers,Gary Zielinski,http://official.nba.com/last-two-minute-report/?gameNo=0021501013&eventNum=508,http://www.basketball-reference.com/boxscores/201603170PHI.html,L2M-WAS@PHI-3-17-2016.pdf,20160317WASPHI
20160328NYKNOP-12,Kevin Cutler,Courtney Kirkland,Leroy Richardson,http://official.nba.com/last-two-minute-report/?gameNo=0021501102&eventNum=547,http://www.basketball-reference.com/boxscores/201603280NOP.html,L2M-NYK-NOP-3-28-16.pdf,20160328NYKNOP
20160329CHIIND-9,Dan Crawford,Eric Lewis,Gediminas Petraitis,http://official.nba.com/last-two-minute-report/?gameNo=0021501107&eventNum=496,http://www.basketball-reference.com/boxscores/201603290IND.html,L2M-CHI-IND-3-29-16.pdf,20160329CHIIND
20160329OKCDET-1,Matt Boland,Bill Spooner,Scott Twardoski,http://official.nba.com/last-two-minute-report/?gameNo=0021501110&eventNum=483,http://www.basketball-reference.com/boxscores/201603290DET.html,L2M-OKC-DET-3-29-16.pdf,20160329OKCDET
20160402DETCHI-7,Tony Brothers,John Goble,Derek Richardson,http://official.nba.com/last-two-minute-report/?gameNo=0021501139&eventNum=531,http://www.basketball-reference.com/boxscores/201604020CHI.html,L2M-DET-CHI-4-2-16-1.pdf,20160402DETCHI
20160403OKCHOU-7,Brian Forte,Ken Mauer,Eli Roe,http://official.nba.com/last-two-minute-report/?gameNo=0021501145&eventNum=572,http://www.basketball-reference.com/boxscores/201604030HOU.html,L2M-OKC-HOU-4-3-16.pdf,20160403OKCHOU
20160403OKCHOU-11,Brian Forte,Ken Mauer,Eli Roe,http://official.nba.com/last-two-minute-report/?gameNo=0021501145&eventNum=600,http://www.basketball-reference.com/boxscores/201604030HOU.html,L2M-OKC-HOU-4-3-16.pdf,20160403OKCHOU
20160405MINGSW-34,Lauren Holtkamp,Josh Tiven,Tom Washington,http://official.nba.com/last-two-minute-report/?gameNo=0021501163&eventNum=539,http://www.basketball-reference.com/boxscores/201604050GSW.html,L2M-MIN-GSW-4-5-16.pdf,20160405MINGSW
20160407PHOHOU-14,Tre Maddox,Jason Phillips,Scott Wall,http://official.nba.com/last-two-minute-report/?gameNo=0021501175&eventNum=589,http://www.basketball-reference.com/boxscores/201604070HOU.html,L2M-PHX-HOU-4-7-16.pdf,20160407PHOHOU
20160407TORATL-7,Derrick Collins,Kevin Cutler,Marc Davis,http://official.nba.com/last-two-minute-report/?gameNo=0021501173&eventNum=497,http://www.basketball-reference.com/boxscores/201604070ATL.html,L2M-TOR-ATL-4-7-16.pdf,20160407TORATL
20160408SASDEN-5,Eric Dalen,Ken Mauer,Gary Zielinski,http://official.nba.com/last-two-minute-report/?gameNo=0021501186&eventNum=501,http://www.basketball-reference.com/boxscores/201604080DEN.html,L2M-SAS-DEN-4-8-16.pdf,20160408SASDEN
20160410MILPHI-6,Steve Anderson,Kevin Scott,Derrick Stafford,http://official.nba.com/last-two-minute-report/?gameNo=0021501197&eventNum=517,http://www.basketball-reference.com/boxscores/201604100PHI.html,L2M-MIL-PHI-4-10-16.pdf,20160410MILPHI
20160412OKCSAS-0,Mark Lindsay,Derrick Stafford,Josh Tiven,http://official.nba.com/last-two-minute-report/?gameNo=0021501215&eventNum=488,http://www.basketball-reference.com/boxscores/201604120SAS.html,L2M-OKC-SAS-4-12-16.pdf,20160412OKCSAS
20160416BOSATL-1,James Capers,Derrick Collins,Rodney Mott,http://official.nba.com/last-two-minute-report/?gameNo=0041500131&eventNum=583,http://www.basketball-reference.com/boxscores/201604160ATL.html,L2M-BOS-ATL-4-16-16.pdf,20160416BOSATL
20160422ATLBOS-0,Marc Davis,Eric Lewis,Zach Zarba,http://official.nba.com/last-two-minute-report/?gameNo=0041500133&eventNum=535,http://www.basketball-reference.com/boxscores/201604220BOS.html,L2M-ATL-BOS-4-22-16.pdf,20160422ATLBOS
20160424ATLBOS-13,Bennie Adams,Monty McCutchen,Jason Phillips,http://official.nba.com/last-two-minute-report/?gameNo=0041500134&eventNum=1356,http://www.basketball-reference.com/boxscores/201604240BOS.html,L2M-ATL-BOS-4-24-16.pdf,20160424ATLBOS
20160509GSWPOR-3,Scott Foster,Ed Malloy,Tom Washington,http://official.nba.com/last-two-minute-report/?gameNo=0041500224&eventNum=647,http://www.basketball-reference.com/boxscores/201605090POR.html,L2M-GSW@POR-5-09-2016.pdf,20160509GSWPOR
20160510OKCSAS-4,John Goble,Monty McCutchen,Jason Phillips,http://official.nba.com/last-two-minute-report/?gameNo=0041500235&eventNum=505,http://www.basketball-reference.com/boxscores/201605100SAS.html,L2M-SAS-OKC-5-10-16.pdf,20160510OKCSAS
20160511MIATOR-1,Tony Brothers,Scott Foster,Sean Wright,http://official.nba.com/last-two-minute-report/?gameNo=0041500215&eventNum=510,http://www.basketball-reference.com/boxscores/201605110TOR.html,Raptors-99-Heat-91.pdf,20160511MIATOR
20161031DENTOR-1,Monty McCutchen,Aaron Smith,Gary Zielinski,http://official.nba.com/last-two-minute-report/?gameNo=0021600042&eventNum=546,http://www.basketball-reference.com/boxscores/201610310TOR.html,L2M-DEN-TOR-10-31-16.pdf,20161031DENTOR
20161102CHIBOS-3,Marat Kogut,Ken Mauer,Gary Zielinski,http://official.nba.com/last-two-minute-report/?gameNo=0021600061&eventNum=519,http://www.basketball-reference.com/boxscores/201611020BOS.html,L2M-CHI-BOS-11-2-16.pdf,20161102CHIBOS
20161104CHABKN-11,Tony Brown,Jason Phillips,Scott Wall,http://official.nba.com/last-two-minute-report/?gameNo=0021600072&eventNum=528,http://www.basketball-reference.com/boxscores/201611040BRK.html,L2M-CHA-BKN-11-4-16.pdf,20161104CHABKN
20161104PHONOP-15,Mitchell Ervin,Derrick Stafford,James Williams,http://official.nba.com/last-two-minute-report/?gameNo=0021600075&eventNum=599,http://www.basketball-reference.com/boxscores/201611040NOP.html,L2M-PHX-NOP-11-4-16.pdf,20161104PHONOP
20161108DENMEM-14,Matt Boland,Justin Van Duyne,Tom Washington,http://official.nba.com/last-two-minute-report/?gameNo=0021600102&eventNum=570,http://www.basketball-reference.com/boxscores/201611080MEM.html,L2M-DEN-MEM-11-8-16.pdf,20161108DENMEM
20161111SACPOR-12,Ken Mauer,Leroy Richardson,Ben Taylor,http://official.nba.com/last-two-minute-report/?gameNo=0021600128&eventNum=563,http://www.basketball-reference.com/boxscores/201611110POR.html,Trail-Blazers-122-Kings-120-OT.pdf,20161111SACPOR
20161114MEMUTA-2,Dan Crawford,Kevin Scott,C.J. Washington,http://official.nba.com/last-two-minute-report/?gameNo=0021600151&eventNum=480,http://www.basketball-reference.com/boxscores/201611140UTA.html,L2M-MEM-UTA-11-14-16.pdf,20161114MEMUTA
20161115BKNLAL-9,Karl Lane,Tre Maddox,Monty McCutchen,http://official.nba.com/last-two-minute-report/?gameNo=0021600157&eventNum=614,http://www.basketball-reference.com/boxscores/201611150LAL.html,L2M-BKN-LAL-11-15-16.pdf,20161115BKNLAL
20161116MEMLAC-3,Mike Callahan,Rodney Mott,J.T. Orr,http://official.nba.com/last-two-minute-report/?gameNo=0021600167&eventNum=503,http://www.basketball-reference.com/boxscores/201611160LAC.html,L2M-MEM-LAC-11-16-16.pdf,20161116MEMLAC
20161116NOPORL-14,Michael Smith,Dedric Taylor,Gary Zielinski,http://official.nba.com/last-two-minute-report/?gameNo=0021600159&eventNum=533,http://www.basketball-reference.com/boxscores/201611160ORL.html,L2M-NOP-ORL-11-16-16.pdf,20161116NOPORL
20161118ATLCHA-3,Steve Anderson,James Capers,Leroy Richardson,http://official.nba.com/last-two-minute-report/?gameNo=0021600174&eventNum=1179,http://www.basketball-reference.com/boxscores/201611180CHO.html,L2M-ATL-CHA-11-18-16.pdf,20161118ATLCHA
20161121HOUDET-14,Tony Brown,Bill Kennedy,Ben Taylor,http://official.nba.com/last-two-minute-report/?gameNo=0021600203&eventNum=518,http://www.basketball-reference.com/boxscores/201611210DET.html,L2M-HOU-DET-11-21-16.pdf,20161121HOUDET
20161123SASCHA-7,Eric Dalen,Monty McCutchen,Rodney Mott,http://official.nba.com/last-two-minute-report/?gameNo=0021600213&eventNum=475,http://www.basketball-reference.com/boxscores/201611230CHO.html,L2M-SAS-CHA-11-23-16.pdf,20161123SASCHA
20161201DALCHA-3,Kane Fitzgerald,Karl Lane,James Williams,http://official.nba.com/last-two-minute-report/?gameNo=0021600276&eventNum=507,http://www.basketball-reference.com/boxscores/201612010CHO.html,L2M-DAL-CHA-12-1-16.pdf,20161201DALCHA
20161223ATLDEN-1,Derrick Collins,Eric Lewis,Justin Van Duyne,http://official.nba.com/last-two-minute-report/?gameNo=0021600451&eventNum=560,http://www.basketball-reference.com/boxscores/201612230DEN.html,L2M-ATL-DEN-12-23-16.pdf,20161223ATLDEN
20161223ATLDEN-5,Derrick Collins,Eric Lewis,Justin Van Duyne,http://official.nba.com/last-two-minute-report/?gameNo=0021600451&eventNum=580,http://www.basketball-reference.com/boxscores/201612230DEN.html,L2M-ATL-DEN-12-23-16.pdf,20161223ATLDEN
20161226DALNOP-6,Tyler Ford,Karl Lane,Tom Washington,http://official.nba.com/last-two-minute-report/?gameNo=0021600466&eventNum=496,http://www.basketball-reference.com/boxscores/201612260NOP.html,L2M-DAL-NOP-12-26-16.pdf,20161226DALNOP
20161228INDWAS-3,Mitchell Ervin,David Guthrie,Josh Tiven,http://official.nba.com/last-two-minute-report/?gameNo=0021600476&eventNum=593,http://www.basketball-reference.com/boxscores/201612280WAS.html,L2M-IND-WAS-12-28-16.pdf,20161228INDWAS
20161228INDWAS-8,Mitchell Ervin,David Guthrie,Josh Tiven,http://official.nba.com/last-two-minute-report/?gameNo=0021600476&eventNum=613,http://www.basketball-reference.com/boxscores/201612280WAS.html,L2M-IND-WAS-12-28-16.pdf,20161228INDWAS
20170104MEMLAC-8,Steve Anderson,Michael Smith,Sean Wright,http://official.nba.com/last-two-minute-report/?gameNo=0021600533&eventNum=563,http://www.basketball-reference.com/boxscores/201701040LAC.html,L2M-MEM-LAC-01-04-17.pdf,20170104MEMLAC
20170114ORLUTA-2,Curtis Blair,Kane Fitzgerald,Karl Lane,http://official.nba.com/last-two-minute-report/?gameNo=0021600604&eventNum=540,http://www.basketball-reference.com/boxscores/201701140UTA.html,L2M-ORL-UTA-01-14-17.pdf,20170114ORLUTA
20170121PORBOS-15,Eric Dalen,Bill Kennedy,Josh Tiven,http://official.nba.com/last-two-minute-report/?gameNo=0021600650&eventNum=575,http://www.basketball-reference.com/boxscores/201701210BOS.html,L2M-POR-BOS-01-21-17.pdf,20170121PORBOS
20170121SACCHI-16,Michael Smith,C.J. Washington,Sean Wright,http://official.nba.com/last-two-minute-report/?gameNo=0021600660&eventNum=550,http://www.basketball-reference.com/boxscores/201701210CHI.html,L2M-SAC-CHI-01-21-17.pdf,20170121SACCHI
20170124MINPHO-6,Bennie Adams,Kevin Scott,Bill Spooner,http://official.nba.com/last-two-minute-report/?gameNo=0021600679&eventNum=538,http://www.basketball-reference.com/boxscores/201701240PHO.html,L2M-MIN-PHX-01-24-17.pdf,20170124MINPHO
20170127SACIND-3,David Guthrie,J.T. Orr,Bill Spooner,http://official.nba.com/last-two-minute-report/?gameNo=0021600696&eventNum=517,http://www.basketball-reference.com/boxscores/201701270IND.html,L2M-SAC-IND-01-27-17.pdf,20170127SACIND
20170129NYKATL-21,Curtis Blair,Scott Foster,Michael Smith,http://official.nba.com/last-two-minute-report/?gameNo=0021600711&eventNum=599,http://www.basketball-reference.com/boxscores/201701290ATL.html,L2M-NYK-ATL-01-29-17.pdf,20170129NYKATL
20170129NYKATL-34,Curtis Blair,Scott Foster,Michael Smith,http://official.nba.com/last-two-minute-report/?gameNo=0021600711&eventNum=676,http://www.basketball-reference.com/boxscores/201701290ATL.html,L2M-NYK-ATL-01-29-17.pdf,20170129NYKATL
20170131NOPTOR-5,Mike Callahan,Derrick Collins,Eric Dalen,http://official.nba.com/last-two-minute-report/?gameNo=0021600725&eventNum=468,http://www.basketball-reference.com/boxscores/201701310TOR.html,L2M-NOP-TOR-01-31-17.pdf,20170131NOPTOR
20170203CHIHOU-16,Tony Brothers,Mitchell Ervin,Pat Fraher,http://official.nba.com/last-two-minute-report/?gameNo=0021600749&eventNum=614,http://www.basketball-reference.com/boxscores/201702030HOU.html,L2M-CHI-HOU-02-03-17.pdf,20170203CHIHOU
20170207PORDAL-1,Sean Corbin,Mitchell Ervin,Eric Lewis,http://official.nba.com/last-two-minute-report/?gameNo=0021600781&eventNum=536,http://www.basketball-reference.com/boxscores/201702070DAL.html,L2M-POR-DAL-02-07-17.pdf,20170207PORDAL
20170208WASBKN-20,Karl Lane,Haywoode Workman,Sean Wright,http://official.nba.com/last-two-minute-report/?gameNo=0021600784&eventNum=593,http://www.basketball-reference.com/boxscores/201702080BRK.html,L2M-WAS-BKN-02-08-17b.pdf,20170208WASBKN
20170303SASNOP-5,Marat Kogut,Mark Lindsay,Monty McCutchen,http://official.nba.com/last-two-minute-report/?gameNo=0021600917&eventNum=549,http://www.basketball-reference.com/boxscores/201703030NOP.html,L2M-SAS-NOP-03-03-17.pdf,20170303SASNOP
20170305UTASAC-8,Derrick Collins,Ken Mauer,Scott Twardoski,http://official.nba.com/last-two-minute-report/?gameNo=0021600931&eventNum=451,http://www.basketball-reference.com/boxscores/201703050SAC.html,L2M-UTA-SAC-03-05-17.pdf,20170305UTASAC
20170321CHITOR-7,Tre Maddox,Ken Mauer,James Williams,http://official.nba.com/last-two-minute-report/?gameNo=0021601051&eventNum=1175,http://www.basketball-reference.com/boxscores/201703210TOR.html,L2M-CHI-TOR-03-21-17.pdf,20170321CHITOR
20170326MIABOS-15,Scott Foster,Derek Richardson,James Williams,http://official.nba.com/last-two-minute-report/?gameNo=0021601093&eventNum=542,http://www.basketball-reference.com/boxscores/201703260BOS.html,L2M-MIA-BOS-03-26-17.pdf,20170326MIABOS
20170328PHIBKN-7,Derrick Collins,Kane Fitzgerald,Tyler Ford,http://official.nba.com/last-two-minute-report/?gameNo=0021601105&eventNum=541,http://www.basketball-reference.com/boxscores/201703280BRK.html,L2M-PHI-BKN-03-28-17.pdf,20170328PHIBKN
20170409CLEATL-19,Derrick Collins,Bill Kennedy,Leroy Richardson,http://official.nba.com/last-two-minute-report/?gameNo=0021601197&eventNum=1119,http://www.basketball-reference.com/boxscores/201704090ATL.html,L2M-CLE-ATL-04-09-17.pdf,20170409CLEATL
20170409CLEATL-39,Derrick Collins,Bill Kennedy,Leroy Richardson,http://official.nba.com/last-two-minute-report/?gameNo=0021601197&eventNum=643,http://www.basketball-reference.com/boxscores/201704090ATL.html,L2M-CLE-ATL-04-09-17.pdf,20170409CLEATL
20170425UTALAC-17,Scott Foster,Ron Garretson,John Goble,http://official.nba.com/last-two-minute-report/?gameNo=0041600175&eventNum=498,http://www.basketball-reference.com/boxscores/201704250LAC.html,L2M-UTA-LAC-04-25-17.pdf,20170425UTALAC
20171018HOUSAC-8,Derek Richardson,Kevin Scott,Bill Spooner,http://official.nba.com/last-two-minute-report/?gameNo=0021700013&eventNum=564,https://www.basketball-reference.com/boxscores/201710180SAC.html,L2M-HOU-SAC-10-18-2017.pdf,20171018HOUSAC
20171023WASDEN-4,Derrick Stafford,Scott Twardoski,Scott Wall,http://official.nba.com/last-two-minute-report/?gameNo=0021700047&eventNum=647,https://www.basketball-reference.com/boxscores/201710230DEN.html,L2M-WAS-DEN-10-23-2017.pdf,20171023WASDEN
20171027DENATL-5,Pat Fraher,Monty McCutchen,C.J. Washington,http://official.nba.com/last-two-minute-report/?gameNo=0021700072&eventNum=615,https://www.basketball-reference.com/boxscores/201710270ATL.html,L2M-DEN-ATL-10-27-2017.pdf,20171027DENATL
20171027OKCMIN-17,Tony Brown,Ken Mauer,Justin Van Duyne,http://official.nba.com/last-two-minute-report/?gameNo=0021700074&eventNum=1040,https://www.basketball-reference.com/boxscores/201710270MIN.html,L2M-OKC-MIN-10-27-2017.pdf,20171027OKCMIN
20171028PHIDAL-14,Nick Buchert,Marc Davis,Derek Richardson,http://official.nba.com/last-two-minute-report/?gameNo=0021700081&eventNum=622,https://www.basketball-reference.com/boxscores/201710280DAL.html,L2M-PHI-DAL-10-28-2017.pdf,20171028PHIDAL
20171028PHOPOR-20,Sean Corbin,Marat Kogut,Leroy Richardson,http://official.nba.com/last-two-minute-report/?gameNo=0021700083&eventNum=694,https://www.basketball-reference.com/boxscores/201710280POR.html,L2M-PHX-POR-10-28-2017.pdf,20171028PHOPOR
20171103INDPHI-0,Tony Brown,Scott Twardoski,Gary Zielinski,http://official.nba.com/last-two-minute-report/?gameNo=0021700121&eventNum=671,https://www.basketball-reference.com/boxscores/201711030PHI.html,L2M-IND-PHI-11-03-2017.pdf,20171103INDPHI
20171103MIADEN-16,James Capers,Kevin Scott,Jonathan Sterling,http://official.nba.com/last-two-minute-report/?gameNo=0021700127&eventNum=638,https://www.basketball-reference.com/boxscores/201711030DEN.html,L2M-MIA-DEN-11-03-2017.pdf,20171103MIADEN
20171111MINPHO-20,Nick Buchert,Pat Fraher,Haywoode Workman,http://official.nba.com/last-two-minute-report/?gameNo=0021700186&eventNum=662,https://www.basketball-reference.com/boxscores/201711110PHO.html,L2M-MIN-PHX-11-11-2017.pdf,20171111MINPHO
20171120BOSDAL-3,Mark Ayotte,Brian Forte,J.T. Orr,http://official.nba.com/last-two-minute-report/?gameNo=0021700249&eventNum=616,https://www.basketball-reference.com/boxscores/201711200DAL.html,L2M-BOS-DAL-11-20-2017.pdf,20171120BOSDAL
20171129BKNDAL-8,John Goble,Lauren Holtkamp,Eric Lewis,http://official.nba.com/last-two-minute-report/?gameNo=0021700310&eventNum=631,https://www.basketball-reference.com/boxscores/201711290DAL.html,L2M-BKN-DAL-11-29-2017.pdf,20171129BKNDAL
20171129WASPHI-4,Matt Boland,Mitchell Ervin,Bill Spooner,http://official.nba.com/last-two-minute-report/?gameNo=0021700305&eventNum=759,https://www.basketball-reference.com/boxscores/201711290PHI.html,L2M-WAS-PHI-11-29-2017.pdf,20171129WASPHI
20171201NOPUTA-5,Marat Kogut,Monty McCutchen,Derek Richardson,http://official.nba.com/last-two-minute-report/?gameNo=0021700325&eventNum=604,https://www.basketball-reference.com/boxscores/201712010UTA.html,L2M-NOP-UTA-12-01-2017.pdf,20171201NOPUTA
20171209NYKCHI-17,Leroy Richardson,Ben Taylor,Tom Washington,http://official.nba.com/last-two-minute-report/?gameNo=0021700380&eventNum=609,https://www.basketball-reference.com/boxscores/201712090CHI.html,L2M-NYK-CHI-12-09-2017.pdf,20171209NYKCHI
20171209OKCMEM-15,James Capers,Marat Kogut,Kevin Scott,http://official.nba.com/last-two-minute-report/?gameNo=0021700382&eventNum=633,https://www.basketball-reference.com/boxscores/201712090MEM.html,L2M-OKC-MEM-12-09-2017.pdf,20171209OKCMEM
20171210ATLNYK-3,Bennie Adams,Nick Buchert,Scott Twardoski,http://official.nba.com/last-two-minute-report/?gameNo=0021700390&eventNum=663,https://www.basketball-reference.com/boxscores/201712100NYK.html,L2M-ATL-NYK-12-10-2017.pdf,20171210ATLNYK
20171218MIAATL-6,Tyler Ford,Michael Smith,Tom Washington,http://official.nba.com/last-two-minute-report/?gameNo=0021700443&eventNum=653,https://www.basketball-reference.com/boxscores/201712180ATL.html,L2M-MIA-ATL-12-18-2017.pdf,20171218MIAATL
20171218MIAATL-19,Tyler Ford,Michael Smith,Tom Washington,http://official.nba.com/last-two-minute-report/?gameNo=0021700443&eventNum=689,https://www.basketball-reference.com/boxscores/201712180ATL.html,L2M-MIA-ATL-12-18-2017.pdf,20171218MIAATL
20171218PHICHI-3,Pat Fraher,Karl Lane,Haywoode Workman,http://official.nba.com/last-two-minute-report/?gameNo=0021700444&eventNum=667,https://www.basketball-reference.com/boxscores/201712180CHI.html,L2M-PHI-CHI-12-18-2017.pdf,20171218PHICHI
20171220SASPOR-8,Ron Garretson,Bill Spooner,Leon Wood,http://official.nba.com/last-two-minute-report/?gameNo=0021700463&eventNum=589,https://www.basketball-reference.com/boxscores/201712200POR.html,L2M-SAS-POR-12-20-2017.pdf,20171220SASPOR
20171222NYKDET-3,Nick Buchert,Lauren Holtkamp,Eric Lewis,http://official.nba.com/last-two-minute-report/?gameNo=0021700471&eventNum=590,https://www.basketball-reference.com/boxscores/201712220DET.html,L2M-NYK-DET-12-22-2017.pdf,20171222NYKDET
20171223BKNIND-4,Nick Buchert,Ken Mauer,Ben Taylor,http://official.nba.com/last-two-minute-report/?gameNo=0021700482&eventNum=592,https://www.basketball-reference.com/boxscores/201712230IND.html,L2M-BKN-IND-12-23-2017.pdf,20171223BKNIND
20171227DENMIN-1,Nick Buchert,James Capers,Haywoode Workman,http://official.nba.com/last-two-minute-report/?gameNo=0021700510&eventNum=589,https://www.basketball-reference.com/boxscores/201712270MIN.html,L2M-DEN-MIN-12-27-2017.pdf,20171227DENMIN
20171227DENMIN-16,Nick Buchert,James Capers,Haywoode Workman,http://official.nba.com/last-two-minute-report/?gameNo=0021700510&eventNum=627,https://www.basketball-reference.com/boxscores/201712270MIN.html,L2M-DEN-MIN-12-27-2017.pdf,20171227DENMIN
20180108ATLLAC-7,Ray Acosta,Kevin Cutler,Scott Foster,http://official.nba.com/last-two-minute-report/?gameNo=0021700598&eventNum=673,https://www.basketball-reference.com/boxscores/201801080LAC.html,L2M-ATL-LAC-01-08-2018.pdf,20180108ATLLAC
